3-Carene,Camphene,Caryophyllene Oxide,Eucalyptol,Geraniol,Guaiol,Isopulegol,Linalool,Ocimene,Terpinolene,alpha-Bisabolol,alpha-Humulene,alpha-Pinene,alpha-Terpinene,beta-Caryophyllene,beta-Myrcene,beta-Pinene,delta-Limonene,gamma-Terpinene,p-Cymene,delta-9 THC,delta-8 THC,THC-A,THCV,CBN,CBD-A,CBD,CBDV,CBDV-A,delta-9 CBG-A,delta-9 CBG,CBC,Aromas,Flavors,Effects
0,0.008,0.013,0.001,0,0.031,0.009,0.086,0.028,0.004,0.039,0.089,0.377,0,0.195,1.568,0.188,0.149,0,0,0.41,0,29.08,0,0,0.08,0,0,0,0.44,0.06,0,"['Chemical', 'Earthy', 'Lemon', 'Pine', 'Woody']","['Chemical', 'Diesel', 'Lemon', 'Peppery', 'Pine', 'Woody']","['Creative', 'Euphoria', 'Happy', 'Uplifting']"
0,0.014,0.003,0,0.002,0,0,0.25,0.002,0.015,0,0.104,0.057,0,0.366,0.08,0.1,0.654,0,0,1.28,0,24.1,0,0,0.02,0,0,0,0.64,0.09,0,"['Berry', 'Earthy', 'Nutty', 'Sweet', 'Vanilla']","['Berry', 'Blueberry', 'Sweet', 'Vanilla']","['Cerebral', 'Euphoria', 'Happy', 'Relaxing', 'Sleepy']"
0,0.003,0.009,0,0,0,0,0.03,0.087,0,0.056,0.133,0.142,0,0.278,0.533,0.066,0.067,0,0,0.95,0,15.54,0,0,0.05,0,0,0,0.42,0.03,0.01,"['Earthy', 'Grape', 'Spicy', 'Sweet']","['Berry', 'Citrus', 'Grape', 'Sweet', 'Woody']","['Euphoria', 'Happy', 'Relaxing', 'Sleepy']"
0.094,0.015,0.085,0.02,0,0.385,0,0.161,0.077,0.423,0.223,0.32,0.286,0.106,0.716,0.382,0.192,0.181,0.103,0,10.96,0,67.39,0.15,0,0.22,0,0,0,3.57,0.38,0.33,"['Earthy', 'Lemon', 'Pungent', 'Sweet']","['Citrus', 'Herbal', 'Pine', 'Woody']","['Body High', 'Cerebral', 'Long Lasting', 'Relaxing', 'Sleepy']"
0,0,0.081,0,0,0,0,0.23,0,0.026,0.024,0.163,0,0,0.487,0.04,0,0.132,0,0,2.93,0,80.66,0.03,0,0.19,0,0.03,0,1.33,0.7,0.18,"['Earthy', 'Mint', 'Pungent', 'Sweet']","['Candy', 'Mint', 'Pine', 'Skunky', 'Sweet', 'Woody']","['Cerebral', 'Euphoria', 'Focus', 'Happy', 'Relaxing', 'Sleepy']"
0,0.004,0,0,0,0.042,0,0.015,0.03,0,0.02,0.057,0.206,0,0.123,0.855,0.093,0.052,0,0,1.76,0,16.17,0,0,0.05,0,0,0,0.16,0.02,0.05,"['Earthy', 'Grape', 'Lemon', 'Pine', 'Sweet']","['Berry', 'Grape', 'Lemon', 'Pine', 'Sweet']","['Euphoria', 'Happy', 'Hungry', 'Sleepy']"
0,0.004,0.008,0,0,0,0,0.069,0.217,0,0.072,0.077,0.058,0,0.196,0.53,0.047,0.122,0,0,0.31,0,16.42,0,0,0.06,0,0,0,1.72,0.12,0.01,"['Citrus', 'Earthy', 'Herbal', 'Lemon']","['Citrus', 'Fruity', 'Lemon', 'Sweet']","['Creative', 'Energizing', 'Euphoria', 'Happy', 'Hungry']"
0.006,0,0.236,0.017,0,0.384,0.014,0.081,0,0.438,0.293,0.449,0.164,0.013,1.317,0.381,0.149,0.153,0.035,0,5.87,0,68.66,0,0,0.22,0,0,0,3.55,0.46,0.15,"['Citrus', 'Lemon', 'Pungent', 'Sour']","['Lemon', 'Tangy']","['Creative', 'Energizing', 'Euphoria', 'Happy']"
0,0.007,0.034,0,0,0,0,0.267,0.098,0.012,0.138,0.112,0.183,0,0.365,0.675,0.068,0.163,0,0,13.31,0,65.39,0,0,0.17,0,0,0,1.89,0.47,0.41,"['Citrus', 'Earthy', 'Herbal', 'Sour', 'Spicy', 'Woody']","['Citrus', 'Pine', 'Sour', 'Spicy', 'Woody']","['Body High', 'Cerebral', 'Euphoria', 'Happy', 'Relaxing', 'Sleepy', 'Uplifting']"
0,0.008,0.016,0.005,0,0.002,0.016,0.144,0.135,0.006,0.101,0.07,0.488,0,0.224,1.991,0.238,0.137,0,0,0.47,0,26.86,0,0,0.1,0,0,0,0.58,0.06,0,"['Blueberry', 'Earthy', 'Herbal', 'Sweet']","['Berry', 'Honey', 'Sweet']","['Energizing', 'Happy', 'Relaxing', 'Uplifting']"
0,0.007,0,0,0,0,0,0.096,0,0,0.032,0.102,0.04,0,0.311,0.602,0.081,0.36,0,0,0.62,0,22.5,0,0,0.05,0,0,0,0.64,0.1,0,['Fruity'],"['Berry', 'Grapefruit', 'Herbal', 'Spicy', 'Sweet']","['Euphoria', 'Happy']"
0,0.018,0.008,0,0,0,0,0.155,0,0.01,0.129,0.229,0.066,0,0.581,0.599,0.128,0.737,0,0,0.38,0,22.78,0,0,0.03,0,0,0,0.33,0.12,0,"['Cheese', 'Diesel', 'Pungent']","['Cheesy', 'Chemical', 'Diesel']","['Creative', 'Energizing', 'Euphoria', 'Focus', 'Happy', 'Relaxing']"
0,0.006,0.006,0,0,0,0.006,0.097,0.094,0.004,0.019,0.13,0.234,0,0.274,0.883,0.083,0.078,0,0,0.55,0,19.83,0,0,0.04,0,0,0,0.43,0.1,0,"['Berry', 'Earthy', 'Fruity', 'Herbal', 'Nutty', 'Spicy']","['Berry', 'Fruity', 'Spicy', 'Sweet']","['Creative', 'Euphoria', 'Hungry', 'Relaxing', 'Uplifting']"
0,0.004,0.012,0,0,0.117,0,0,0,0,0.01,0.162,0.381,0,0.333,0.703,0.144,0.041,0,0,0.09,0,0.62,0,0,16.35,0.57,0.02,0.41,0.19,0.04,0.06,"['Earthy', 'Floral', 'Fragrant', 'Sweet']","['Pine', 'Sweet', 'Woody']","['Euphoria', 'Focus', 'Relaxing', 'Sleepy', 'Uplifting']"
0,0.011,0.004,0,0.007,0,0,0.071,0,0.003,0.05,0.112,0.036,0,0.291,0.494,0.075,0.27,0,0,0.45,0,21.14,0,0,0.05,0,0,0,0.31,0.11,0,"['Diesel', 'Earthy', 'Pine', 'Pungent']","['Diesel', 'Lemon', 'Pine', 'Sweet']","['Energizing', 'Euphoria', 'Giggly', 'Happy', 'Hungry', 'Sociable', 'Uplifting']"
0,0.007,0.005,0,0,0,0,0.116,0,0.011,0.031,0.078,0.029,0,0.208,0.229,0.049,0.338,0,0,0.56,0,22.35,0,0,0.06,0,0,0,1.28,0.06,0,['Fruity'],"['Berry', 'Citrus', 'Fruity', 'Sweet', 'Tropical']","['Creative', 'Euphoria', 'Relaxing']"
0,0.024,0,0,0,0,0,0.084,0.119,0,0,0.13,0.337,0,0.377,0.581,0.194,0.569,0,0,79.98,0.6,0.2,0.56,3.62,0.07,0.31,0,0,0,2.54,0.11,"['Citrus', 'Floral', 'Lemon', 'Spicy', 'Sweet']","['Citrus', 'Lemon', 'Spicy', 'Sweet', 'Woody']","['Cerebral', 'Euphoria', 'Happy', 'Relaxing']"
0,0.011,0.012,0,0,0,0,0.107,0,0.031,0,0.119,0.03,0,0.342,0.385,0.06,0.188,0,0,0.37,0.03,27.22,0,0,0.08,0,0,0,0.4,0.21,0,"['Citrus', 'Kush', 'Pine', 'Skunky', 'Sweet']","['Citrus', 'Diesel', 'Pine', 'Sweet', 'Woody']","['Euphoria', 'Happy', 'Hungry', 'Relaxing', 'Sleepy']"
0,0.008,0,0,0,0,0,0.102,0,0,0,0.117,0.046,0,0.346,0.455,0.089,0.362,0,0,0.91,0,22.02,0,0,0.05,0,0,0,0.59,0.12,0,"['Lemon', 'Pine', 'Pungent', 'Skunky']","['Lemon', 'Pine', 'Spicy', 'Sweet', 'Woody']","['Creative', 'Energizing', 'Euphoria', 'Focus', 'Happy', 'Relaxing']"
0,0.008,0.006,0,0.001,0,0,0.076,0,0.005,0.069,0.074,0.467,0,0.25,1.654,0.21,0.136,0,0,0.67,0,23.88,0,0,0.04,0,0,0,0.39,0.09,0.01,"['Bubble Gum', 'Floral', 'Fruity', 'Sweet']","['Berry', 'Bubble Gum', 'Creamy', 'Fruity', 'Sweet']","['Creative', 'Euphoria', 'Happy', 'Relaxing']"
0,0.007,0.003,0,0,0.006,0,0.186,0,0.004,0.046,0.05,0.288,0,0.146,0.584,0.138,0.135,0,0,1.15,0,22.13,0,0,0.08,0,0,0,0.19,0.11,0.02,"['Blueberry', 'Diesel', 'Earthy', 'Fruity', 'Lemon', 'Pine']","['Berry', 'Blueberry', 'Lemon', 'Pine', 'Sweet']","['Body High', 'Euphoria', 'Happy', 'Hungry', 'Relaxing', 'Sleepy']"
0,0.004,0.007,0.003,0,0.078,0,0.044,0.023,0,0.002,0.043,0.025,0,0.154,0.269,0.03,0.13,0,0,0.41,0,11.61,0,0,0.1,0,0,0,0.64,0.02,0,"['Earthy', 'Herbal', 'Lemon', 'Sour', 'Sweet']","['Berry', 'Candy', 'Citrus', 'Grapefruit', 'Lemon', 'Sweet']","['Creative', 'Focus', 'Happy']"
0,0.007,0.013,0,0,0,0,0.008,0,0.002,0.051,0.141,0.404,0,0.454,1.343,0.201,0.197,0,0,1.23,0.01,18.75,0,0,0.07,0,0,0,0.57,0.12,0.02,"['Earthy', 'Herbal', 'Pungent', 'Spicy']","['Herbal', 'Sweet', 'Woody']","['Body High', 'Euphoria', 'Relaxing', 'Sleepy', 'Uplifting']"
0,0.017,0.242,0,0,0.011,0,0.065,0.015,0.02,0.028,1.018,0.177,0,2.224,0.379,0.172,0.411,0.004,0,3.06,0,70.1,0,0,0.2,0,0,0,2.47,0.25,0,"['Citrus', 'Earthy', 'Lemon', 'Sour', 'Sweet']","['Citrus', 'Lemon', 'Pine', 'Sweet', 'Woody']","['Energizing', 'Euphoria', 'Happy', 'Relaxing']"
0,0,0.113,0.016,0,0.006,0,0.051,0,0.03,0.482,0.378,0.046,0,1.288,0.36,0.056,0.115,0,0,7.89,0,67.3,0,0.12,0.22,0,0,0,1.32,0.46,0.13,"['Lemon', 'Woody']","['Sweet', 'Tea', 'Woody']","['Creative', 'Energizing', 'Euphoria', 'Focus', 'Happy']"
0,0,0.104,0,0.001,0.008,0,0.026,0,0,0.057,0.094,0.021,0,0.243,0.04,0.019,0.038,0,0,2.12,0,91.39,0,0,0.15,0,0,0,0.69,0.25,0,"['Berry', 'Blueberry', 'Cheese', 'Earthy', 'Pungent', 'Spicy']","['Blueberry', 'Herbal']","['Creative', 'Energizing', 'Focus', 'Happy', 'Motivation', 'Uplifting']"
0,0,0.001,0.004,0,0,0,0.014,0,0,0.014,0.038,0.359,0,0.116,0.558,0.143,0.06,0,0,1.54,0.01,18.26,0.01,0,0.06,0,0,0,0.11,0.04,0.04,"['Citrus', 'Earthy', 'Mango', 'Sweet']","['Citrus', 'Fruity', 'Pine', 'Sweet']","['Cerebral', 'Creative', 'Energizing', 'Focus', 'Happy']"
0,0.005,0.011,0,0,0.056,0,0.029,0.066,0.03,0,0.057,0.096,0,0.121,0.404,0.057,0.071,0,0,0.05,0,0.3,0,0,8.63,0.24,0,0.04,0.2,0.02,0.05,"['Citrus', 'Earthy', 'Mango', 'Sweet']","['Herbal', 'Spicy', 'Sweet', 'Woody']","['Body High', 'Creative', 'Energizing', 'Focus', 'Uplifting']"
0,0.012,0.01,0,0,0,0,0.076,0,0.008,0.058,0.059,0.037,0,0.171,0.241,0.064,0.45,0,0,0.25,0.01,23.95,0.01,0,0.07,0,0,0.02,1.13,0.09,0,"['Earthy', 'Fruity', 'Grape', 'Pine', 'Sweet']","['Berry', 'Grape', 'Herbal', 'Skunky', 'Spicy', 'Sweet', 'Woody']","['Creative', 'Euphoria', 'Happy', 'Relaxing', 'Sleepy']"
0,0,0.03,0.007,0,0,0,0.206,0.019,0.058,0.053,0.203,0,0,0.518,0.041,0,0.035,0.01,0,1.1,0.07,79.44,0.03,0,0.2,0,0,0,4.34,0.29,0,"['Citrus', 'Earthy', 'Spicy', 'Sweet']","['Citrus', 'Lemon', 'Orange', 'Sweet']","['Energizing', 'Euphoria', 'Focus', 'Happy', 'Relaxing', 'Uplifting']"
0,0.018,0.018,0,0.029,0,0,0.132,0,0.013,0,0.133,0.048,0,0.399,0.917,0.091,0.495,0,0,1.3,0,21.34,0.02,0,0.06,0,0,0,0.6,0.1,0.01,"['Herbal', 'Kush', 'Pungent', 'Spicy', 'Sweet']","['Herbal', 'Sweet']","['Body High', 'Relaxing']"
0,0.009,0.023,0,0,0.138,0,0.081,0,0,0.102,0.145,0.696,0,0.454,1.92,0.308,0.268,0,0,2.52,0.04,21.34,0.04,0,0.09,0,0.01,0,1.91,0.11,0.05,"['Citrus', 'Pungent', 'Skunky', 'Sour', 'Sweet']","['Citrus', 'Orange', 'Sweet']","['Euphoria', 'Happy', 'Relaxing', 'Sleepy', 'Uplifting']"
0.005,0.005,0.009,0,0,0.078,0.004,0.026,0,0.147,0.04,0.059,0.26,0.003,0.193,0.982,0.125,0.128,0.003,0,1.55,0,13.99,0,0,1.56,0.06,0,0,0.74,0.08,0.03,"['Coffee', 'Herbal', 'Pepper', 'Spicy', 'Sweet', 'Woody']","['Bubble Gum', 'Coffee', 'Herbal', 'Lemon', 'Spicy', 'Sweet', 'Woody']","['Euphoria', 'Focus', 'Happy', 'Relaxing', 'Sleepy']"
0,0.014,0.011,0,0.003,0.013,0,0.161,0.029,0.017,0.064,0.081,0.054,0,0.298,0.058,0.097,0.467,0,0,0.69,0,23.53,0,0,0.06,0,0,0,1.29,0.06,0,"['Earthy', 'Fruity', 'Grape', 'Herbal', 'Sour', 'Tropical']","['Berry', 'Fruity', 'Grape', 'Sour', 'Sweet', 'Tropical']","['Body High', 'Euphoria', 'Relaxing', 'Tingly', 'Uplifting']"
0.025,0,0,0,0,0,0,0.023,0.131,0.534,0,0.028,0.036,0,0.094,0.441,0.066,0.167,0,0,0.95,0,16.64,0,0,0.02,0,0,0,1,0.04,0,"['Citrus', 'Grassy', 'Lemon', 'Sour', 'Sweet']","['Citrus', 'Lemon', 'Pine', 'Sweet']","['Creative', 'Euphoria', 'Giggly', 'Happy', 'Uplifting']"
0,0.005,0.006,0.001,0.001,0,0,0.138,0,0.002,0.014,0.122,0.018,0,0.441,0.574,0.037,0.184,0,0,0.4,0,22.39,0,0,0.06,0,0,0,0.33,0.15,0,"['Earthy', 'Fruity', 'Lemon', 'Pungent']","['Citrus', 'Fruity', 'Lemon', 'Pine']","['Creative', 'Energizing', 'Euphoria', 'Focus', 'Happy', 'Relaxing']"
0.004,0.001,0.002,0.001,0.001,0.039,0,0.007,0.281,0.063,0.025,0.027,0.065,0.002,0.071,1.406,0.04,0.031,0.002,0,0.75,0,19.77,0,0,0.06,0,0,0,0.8,0.08,0,"['Earthy', 'Fruity', 'Spicy', 'Sweet']","['Citrus', 'Sweet', 'Tropical']","['Energizing', 'Euphoria', 'Happy', 'Uplifting']"
0,0.003,0.004,0,0,0.085,0,0.035,0,0,0.133,0.029,0.185,0,0.099,1.041,0.09,0.103,0,0,0,0,0.78,0,0,17.84,0.29,0,0.05,0.46,0.06,0,"['Citrus', 'Earthy', 'Lemon', 'Spicy', 'Sweet']","['Citrus', 'Herbal', 'Lemon', 'Peppery', 'Pine', 'Spicy', 'Sweet', 'Woody']","['Energizing', 'Euphoria', 'Focus', 'Happy', 'Relaxing', 'Sociable']"
0,0.02,0.017,0,0,0,0,0.14,0,0.009,0,0.096,0.057,0,0.323,0.269,0.091,0.409,0,0,0.33,0,24.8,0.01,0,0.1,0,0,0,1.33,0.09,0,"['Dank', 'Earthy', 'Fruity', 'Herbal', 'Skunky']","['Berry', 'Fruity', 'Herbal', 'Pine', 'Sweet']","['Energizing', 'Focus', 'Happy', 'Motivation', 'Uplifting']"
0,0,0,0.001,0,0,0,0.038,0.114,0,0.01,0.149,0.027,0,0.434,0.684,0.017,0.034,0,0,0.34,0,16.52,0,0,0.04,0,0,0,1.06,0.09,0,"['Earthy', 'Sweet']",['Sweet'],"['Body High', 'Happy', 'Relaxing', 'Sociable']"
0,0,0.141,0,0.012,0.011,0,0.472,0.104,0,0.503,0.821,0.103,0,2.572,0.406,0.101,0.376,0,0,6.46,0,72.05,0,0,0.18,0,0,0,2.01,0.34,0,"['Earthy', 'Herbal', 'Pungent', 'Spicy', 'Woody']","['Citrus', 'Herbal', 'Lemon', 'Pine', 'Spicy', 'Sweet']","['Euphoria', 'Happy', 'Sleepy']"
0,0.047,0.28,0,0,1.372,0,0.894,6.716,0.316,0.144,1.079,1.132,0,3.411,11.997,0.568,2.05,0,0,12.14,0,31.3,0,0,0.27,0,0,0,0.97,0.54,0.19,"['Berry', 'Citrus', 'Herbal', 'Sour']","['Berry', 'Citrus', 'Fruity', 'Sour', 'Sweet']","['Calming', 'Cerebral', 'Energizing', 'Giggly', 'Relaxing']"
0,0.008,0,0,0,0,0,0,0,0.015,0.067,0.051,0.521,0,0.173,0.364,0.223,0.13,0,0,0.82,0,16.06,0,0,0.04,0,0,0,0.04,0.05,0,"['Dank', 'Fruity', 'Herbal', 'Pungent', 'Spicy', 'Sweet']","['Fruity', 'Sour', 'Spicy', 'Sweet']","['Euphoria', 'Giggly', 'Hungry', 'Relaxing', 'Sociable', 'Uplifting']"
0.026,0,0.01,0.003,0,0.156,0,0.031,0.007,0.563,0.054,0.118,0.053,0.009,0.289,0.428,0.096,0.142,0.009,0.001,1.81,0,16.69,0,0,0.06,0,0,0,1.01,0.07,0.02,"['Citrus', 'Earthy', 'Floral', 'Sour', 'Sweet']","['Citrus', 'Lemon', 'Sweet', 'Tangy']","['Hungry', 'Uplifting']"
0,0.009,0.009,0.002,0.002,0.002,0,0.107,0.002,0.011,0.048,0.096,0.038,0,0.311,0.939,0.065,0.42,0.001,0,0.88,0.05,21.43,0.01,0,0.07,0,0,0,1.77,0.08,0.04,"['Citrus', 'Earthy', 'Floral', 'Mint', 'Spicy']","['Citrus', 'Herbal', 'Lemon', 'Spicy']","['Body High', 'Euphoria', 'Relaxing', 'Sleepy']"
0.033,0.003,0.005,0.004,0.001,0,0,0.018,0.011,0.867,0.073,0.121,0.07,0.027,0.343,0.7,0.117,0.249,0.014,0,0.76,,21.69,0,0,0.08,0,0,0.02,0.19,0.08,0.01,['Fruity'],['Fruity'],['Body High']
0.019,0,0.042,0.012,0,0.136,0.04,0.189,0,0.765,0.047,0.101,0.074,0,0.32,0.212,0.174,0.278,0.02,0,6.26,0,70.58,0.13,0,0.3,0,0,0,2.71,0.66,0.13,"['Citrus', 'Earthy', 'Sweet']","['Citrus', 'Fruity', 'Sweet', 'Tangy', 'Tropical']","['Energizing', 'Euphoria', 'Happy', 'Relaxing', 'Uplifting']"
0,0,0,0,0,0.206,0,0.28,0,0,0.212,0.276,0.138,0,0.956,0.286,0.133,1.094,0,0,3.31,0,78.09,0.09,0,0.11,0,0,0,1.19,0.21,0,"['Earthy', 'Orange', 'Pungent', 'Spicy', 'Sweet']","['Citrus', 'Fruity', 'Orange', 'Sweet']","['Energizing', 'Euphoria', 'Happy', 'Relaxing', 'Uplifting']"
0,0.003,0.008,0.003,0,0,0,0.046,0,0.002,0,0.078,0.012,0,0.275,0.193,0.023,0.091,0,0,0.17,0,13.99,0,0,0.02,0,0,0,0.33,0.09,0,"['Earthy', 'Flowery', 'Herbal', 'Spicy', 'Woody']","['Flowery', 'Herbal', 'Spicy', 'Sweet', 'Woody']","['Cerebral', 'Energizing', 'Euphoria', 'Tingly', 'Uplifting']"
0,0.012,0.027,0.002,0.002,0,0,0.285,0.001,0.009,0.063,0.258,0.045,0,0.682,0.226,0.085,0.572,0,0,0.99,0,21.47,0,0,0.07,0,0,0,1.22,0.06,0,"['Berry', 'Diesel', 'Floral', 'Grape', 'Musky', 'Sweet']","['Berry', 'Dank', 'Grape', 'Sweet']","['Happy', 'Hungry', 'Relaxing', 'Sleepy']"
0,0.01,0.008,0,0.004,0,0,0.089,0,0.003,0.046,0.096,0.036,0,0.312,0.478,0.071,0.333,0,0,2.03,0,18.74,0,0,0.04,0,0,0,0.5,0.13,0.03,"['Earthy', 'Pungent', 'Spicy', 'Woody']","['Dank', 'Herbal', 'Woody']","['Body High', 'Happy', 'Relaxing', 'Uplifting']"
0,0.008,0.022,0.012,0.001,0.004,0,0.08,0.045,0.004,0.009,0.307,0.046,0,0.693,0.305,0.06,0.335,0,0,0.7,0.01,16.86,0.02,0,0.06,0,0,0,0.24,0.05,0,"['Earthy', 'Mango', 'Sweet']","['Citrus', 'Pineapple', 'Sweet', 'Tropical']","['Energizing', 'Euphoria', 'Happy', 'Relaxing', 'Uplifting']"
0,0.012,0.01,0,0,0,0,0.037,0,0.007,0,0.143,0.036,0,0.482,0.666,0.061,0.303,0,0,0.48,0,26.1,0.01,0,0.1,0,0,0,1.1,0.33,0,"['Dank', 'Fruity', 'Pungent', 'Tropical']","['Fruity', 'Grape', 'Herbal', 'Sweet', 'Tropical']","['Calming', 'Happy', 'Hungry', 'Relaxing', 'Uplifting']"
0,0.007,0,0,0,0,0,0.115,0,0,0.031,0.181,0.044,0,0.432,0.514,0.088,0.426,0,0,0.27,0,19.7,0,0,0.05,0,0,0,0.65,0.13,0,"['Blueberry', 'Fruity', 'Grape', 'Herbal']","['Berry', 'Grape', 'Sweet']","['Euphoria', 'Happy', 'Relaxing', 'Uplifting']"
0,0.019,0.017,0,0.034,0.028,0,0.164,0,0.037,0.023,0.132,0.056,0,0.306,0.085,0.091,0.383,0,0,0.54,0,15.51,0.02,0,0.08,0,0,0,0.19,0.05,0,"['Earthy', 'Pungent', 'Skunky', 'Sour', 'Sweet']",[],"['Body High', 'Cerebral', 'Relaxing']"
0,0.013,0,0,0,0,0,0.105,0,0,0,0.166,0.05,0,0.451,0.341,0.083,0.545,0,0,0.54,0,27.97,0,0,0.07,0,0,0,1.5,0.07,0.01,['Sweet'],"['Berry', 'Blueberry', 'Candy', 'Orange', 'Sweet']","['Body High', 'Cerebral', 'Euphoria', 'Happy', 'Hungry']"
0,0.041,0.077,0,0,0,0,0.418,0,0.014,0.238,0.519,0.17,0,1.67,0.158,0.242,1.557,0,0,10.6,0,59.48,0.05,0,0.12,0,0,0,5.03,0.83,0.31,"['Chemical', 'Diesel', 'Pungent', 'Skunky', 'Sweet']","['Diesel', 'Nutty', 'Skunky', 'Sweet']","['Calming', 'Euphoria', 'Relaxing', 'Sleepy', 'Uplifting']"
0,0,0,0,0,0,0,0.034,0.074,0,0.032,0.085,0.262,0,0.296,0.394,0.153,0.377,0,0,0.65,0,18.53,0,0,0.02,0,0,0,0.55,0.06,0.02,"['Blueberry', 'Citrus', 'Earthy', 'Pungent', 'Sour', 'Sweet']","['Berry', 'Blueberry', 'Citrus', 'Lemon', 'Skunky', 'Sour']","['Cerebral', 'Creative', 'Energizing', 'Giggly', 'Uplifting']"
0,0.009,0.011,0,0,0.085,0.002,0.07,0.004,0.012,0.076,0.2,0.033,0,0.697,0.301,0.065,0.376,0,0,0.37,0,22.52,0,0,0.07,0,0,0.01,0.35,0.05,0,"['Citrus', 'Earthy', 'Herbal', 'Nutty', 'Sour', 'Spicy']","['Citrus', 'Fruity', 'Orange', 'Sour', 'Sweet']","['Body High', 'Cerebral', 'Creative', 'Energizing', 'Uplifting']"
0,0.02,0.001,0,0.002,0,0,0.094,0,0.016,0,0.087,0.06,0,0.288,0.492,0.096,0.497,0,0,0.77,0,23.77,0,0,0.05,0,0,0.01,1.08,0.12,0.01,"['Earthy', 'Fuel', 'Lemon', 'Pine', 'Spicy']","['Citrus', 'Lemon', 'Spicy', 'Woody']","['Body High', 'Cerebral', 'Long Lasting', 'Relaxing', 'Uplifting']"
0,0,0.009,0,0,0,0,0.076,0.128,0,0.019,0.095,0.31,0,0.354,1.381,0.083,0.049,0,0,0.29,0,20.61,0,0,0.05,0,0,0,0.18,0.14,0,"['Floral', 'Fruity', 'Sweet']","['Fruity', 'Pine', 'Sweet', 'Tropical']","['Happy', 'Hungry', 'Relaxing']"
0,0.02,0.215,0.006,0.003,0.067,0,0.19,0.033,0.101,0.268,0.757,0.186,0,2.437,0.232,0.182,0.35,0,0,3.06,0,70.96,0,0,0.17,0,0,0,1.48,0.21,0,"['Diesel', 'Fruity', 'Pungent', 'Spicy', 'Sweet']","['Citrus', 'Diesel', 'Fruity', 'Lemon', 'Spicy', 'Sweet', 'Tropical']","['Creative', 'Energizing', 'Euphoria', 'Happy', 'Sociable', 'Uplifting']"
0,0.008,0.014,0,0,0.007,0,0.096,0,0.006,0.046,0.154,0.299,0,0.396,0.877,0.161,0.187,0,0,0.64,0,20.09,0.01,0,0.05,0,0,0,0.67,0.09,0,"['Floral', 'Pungent', 'Sweet']","['Cheesy', 'Fruity', 'Mint', 'Pine', 'Sweet']","['Body High', 'Creative', 'Euphoria', 'Giggly', 'Happy', 'Relaxing']"
0,0.001,0,0,0.001,0,0,0.039,0,0,0.047,0.165,0.019,0,0.565,0.136,0.037,0.295,0,0,0.55,0.04,22.17,0.02,0,0.08,0,0,0.03,0.77,0.05,0,"['Coffee', 'Sour', 'Sweet']","['Chemical', 'Chocolate', 'Coffee']","['Body High', 'Cerebral', 'Happy', 'Uplifting']"
0.022,0,0,0,0,0,0,0.007,0.073,0.571,0,0.088,0.057,0.011,0.217,0.082,0.079,0.097,0,0,0.86,0,22.36,0,0,0.07,0,0,0,1.12,0.16,0,"['Candy', 'Diesel', 'Lemon', 'Sour', 'Sweet']","['Citrus', 'Fruity', 'Pine', 'Skunky', 'Sweet']","['Creative', 'Energizing', 'Focus', 'Happy', 'Relaxing', 'Sociable']"
0,0.001,0,0,0.001,0.051,0,0.033,0,0,0,0.149,0.019,0,0.388,0.091,0.039,0.244,0,0,0.45,0.02,18.76,0.02,0,0.08,0,0,0,0.29,0.12,0.07,"['Chocolate', 'Lime', 'Mint', 'Sweet']","['Candy', 'Chocolate', 'Citrus', 'Lime', 'Spicy', 'Sweet']","['Euphoria', 'Happy', 'Relaxing', 'Sleepy', 'Sociable']"
0,0.026,0,0,0,0,0,0.253,0,0.02,0,0.17,0.07,0,0.559,0.821,0.14,0.935,0,0,1.82,0,25.54,0,0,0.01,0,0,0,0.52,0.1,0.01,"['Citrus', 'Earthy', 'Fruity', 'Pungent', 'Sour']","['Berry', 'Candy', 'Citrus', 'Fruity', 'Sweet']","['Body High', 'Focus', 'Hungry', 'Uplifting']"
0,0,0.022,0,0,0,0,0.13,0,0,0.093,0.239,0.023,0,0.774,0,0.045,0.317,0,0,0.7,0,21.09,0,0,0.02,0,0,0,0.39,0.03,0.02,"['Earthy', 'Flowery', 'Pepper', 'Spicy', 'Tropical']","['Fruity', 'Nutty', 'Peppery', 'Sour', 'Spicy']","['Body High', 'Calming', 'Relaxing', 'Sleepy', 'Uplifting']"
0.032,0,0,0.005,0,0,0.003,0.01,0.113,0.797,0.003,0.125,0.072,0.021,0.348,0.104,0.113,0.101,0.013,0,0.37,0,21.64,0,0,0.07,0,0,0.02,1.57,0.14,0,['Sweet'],"['Buttery', 'Fruity', 'Pine', 'Sweet', 'Tropical']","['Creative', 'Energizing', 'Focus', 'Happy']"
0.013,0,0,0,0,0.048,0,0.012,0.054,0.42,0,0.038,0.028,0.001,0.107,0.172,0.049,0.043,0,0,0.61,0.05,19.8,0.04,0,0.1,0,0,0.02,0.73,0.14,0,"['Blueberry', 'Fruity', 'Pine', 'Sweet']","['Fruity', 'Pine', 'Sweet', 'Woody']","['Creative', 'Euphoria', 'Happy', 'Relaxing']"
0,0,0.097,0,0.016,0.227,0,0.086,0,0,0.272,0.11,0,0,0.273,0,0,0,0,0,4.41,0,74.11,0,0,0.27,0,0,0,4.3,0.52,0.1,"['Citrus', 'Dank', 'Earthy']","['Citrus', 'Grapefruit', 'Lemon', 'Sweet', 'Tropical']","['Energizing', 'Euphoria', 'Focus', 'Giggly', 'Happy', 'Hungry']"
0,0.008,0,0,0,0,0,0.11,0,0,0.052,0.146,0.043,0,0.446,0.629,0.087,0.486,0,0,0.65,0,20.3,0,0,0.04,0,0,0,0.45,0.1,0,"['Citrus', 'Earthy', 'Herbal', 'Lemon', 'Sour', 'Spicy']","['Citrus', 'Herbal', 'Lemon', 'Pine', 'Sour', 'Woody']","['Body High', 'Calming', 'Creative', 'Relaxing', 'Sleepy']"
0,0.012,0.034,0,0.005,0.003,0,0.073,0.001,0.008,0.258,0.306,0.039,0,0.702,0.413,0.083,0.519,0,0,0.68,0,19.44,0,0,0.05,0,0,0,0.36,0.1,0,"['Citrus', 'Diesel', 'Harsh', 'Sage']","['Citrus', 'Herbal', 'Skunky', 'Woody']","['Body High', 'Euphoria', 'Relaxing', 'Sleepy']"
0,0.004,0.006,0,0,0.032,0,0.01,0,0,0.025,0.046,0.276,0,0.117,0.584,0.12,0.055,0,0,0.37,0,12.8,0,0,0.06,0,0,0,0.74,0.04,0,"['Citrus', 'Lemon', 'Pine', 'Sour', 'Sweet']","['Citrus', 'Lemon', 'Pine']",['Relaxing']
0,0.007,0.005,0,0.001,0.039,0,0.042,0.044,0,0.045,0.021,0.571,0,0.056,0.643,0.13,0.027,0,0,1.09,0,19.03,0,0,0.04,0,0,0,0.37,0.05,0,"['Diesel', 'Grape', 'Kush', 'Pungent', 'Sweet']","['Berry', 'Diesel', 'Grape', 'Sweet']","['Creative', 'Energizing', 'Euphoria', 'Focus', 'Happy', 'Uplifting']"
0,0,0,0,0,0,0,0.058,0,0.381,0,0.119,0.028,0,0.338,0.191,0.047,0.063,0,0,1.11,0,21.7,0,0,0.02,0,0,0,0.3,0.15,0,"['Berry', 'Earthy', 'Fruity', 'Mint', 'Sweet']","['Berry', 'Blueberry', 'Creamy', 'Sweet']","['Creative', 'Happy', 'Motivation', 'Relaxing', 'Uplifting']"
0,0.019,0.095,0,0.043,0,0,0.561,0,0,0.295,0.585,0.071,0,1.316,0.023,0.15,0.775,0,0,0.83,0,73.9,0,0,0.06,0,0,0,2.1,0.46,0,"['Citrus', 'Lime', 'Skunky', 'Sour', 'Sweet']","['Citrus', 'Lime', 'Sweet']","['Body High', 'Cerebral']"
0,0,0,0,0,0.0541,0,0.02,0,0,0.0383,0.0563,0.306,0,0.192,0.93,0.15,0.109,0,0,3.12,0,20.7,0,0,0,0,0,0,0.94,0.15,0,"['Earthy', 'Pungent', 'Skunky', 'Sweet']","['Pine', 'Sweet', 'Woody']","['Body High', 'Euphoria', 'Happy', 'Relaxing', 'Sleepy']"
0,0.057,0.032,0,0,0,0,0.109,0.334,0.111,0.006,0.447,0.244,0,1.301,0.279,0.331,1.716,0,0,0.83,0,83.57,0,0,0.22,0,0,0,2.31,0.79,0,"['Earthy', 'Strawberry', 'Sweet']","['Berry', 'Strawberry', 'Sweet', 'Tropical']","['Euphoria', 'Happy', 'Relaxing', 'Sleepy']"
0,0,0.076,0,0,0.306,0,0.061,0,0,0.711,0.441,0,0,1.507,0.045,0.022,0.203,0,0,4.49,0.03,74.15,0,0,0.15,0,0,0,2.31,0.25,0.09,"['Diesel', 'Earthy', 'Lemon', 'Pungent', 'Skunky', 'Sour']","['Citrus', 'Diesel', 'Lemon', 'Sweet']","['Creative', 'Energizing', 'Euphoria', 'Happy', 'Relaxing', 'Uplifting']"
0,0,0,0,0,0,0,0.018,0,0,0,0.017,0.141,0,0.065,0.404,0.052,0.06,0,0,0.36,0.05,5.78,0,0,7.52,0.23,0,0.03,0.37,0.03,0.01,"['Berry', 'Earthy', 'Fruity', 'Herbal', 'Musky']","['Berry', 'Fruity', 'Grape', 'Sweet']","['Euphoria', 'Happy', 'Relaxing', 'Uplifting']"
0,0.003,0.019,0,0.002,0.014,0,0.002,0.002,0.016,0.009,0.056,0.13,0,0.116,0.182,0.02,0.033,0,0,0.27,0,0.21,0.02,0.02,7.68,3.32,0.19,0.46,0.11,0.06,0.17,"['Earthy', 'Herbal', 'Pine', 'Spicy']","['Citrus', 'Pine', 'Spicy', 'Sweet', 'Woody']","['Euphoria', 'Focus', 'Happy', 'Relaxing']"
0.029,0,0,0.005,0,0,0,0.032,0.195,0.717,0.041,0.121,0.077,0.02,0.337,0.124,0.11,0.136,0.008,0,0.63,0,22.3,0,0,0.1,0,0,0.03,1.76,0.17,0,"['Citrus', 'Floral', 'Lemon', 'Pine', 'Sweet']","['Citrus', 'Lemon', 'Pine', 'Spicy', 'Sweet']","['Energizing', 'Euphoria', 'Focus', 'Happy', 'Uplifting']"
0,0.011,0.008,0,0,0.044,0,0.185,0,0.007,0,0.05,0.039,0,0.112,0.636,0.062,0.336,0,0,0.73,0,22.82,0,0,0.09,0,0,0,0.79,0.1,0,"['Chocolate', 'Earthy', 'Kush', 'Pungent', 'Spicy']","['Chemical', 'Chocolate', 'Coffee', 'Nutty', 'Pine', 'Sweet']","['Focus', 'Giggly', 'Happy', 'Hungry', 'Relaxing']"
0,0.002,0.003,0,0,0,0,0.087,0.033,0.007,0.015,0.06,0.018,0,0.201,1.272,0.044,0.179,0,0,0.51,0,25.06,0,0,0.09,0,0,0,0.18,0.14,0,"['Citrus', 'Earthy', 'Pine', 'Pungent', 'Sweet']","['Citrus', 'Fruity', 'Pine', 'Sweet', 'Tropical']","['Creative', 'Euphoria', 'Relaxing', 'Sleepy', 'Sociable']"
0,0.013,0.081,0,0.021,0,0,0.133,0.071,0.013,0.33,0.409,0.269,0,1.269,1.516,0.152,0.273,0,0,15.93,0.03,60.22,0.14,0.2,0.21,0,0,0,1.21,0.72,0.23,"['Earthy', 'Lemon', 'Pine', 'Pungent', 'Sweet']","['Herbal', 'Spicy']","['Energizing', 'Happy', 'Uplifting']"
0,0,0,0,0,0,0,0.042,0,0,0,0.084,0.417,0,0.223,0.391,0.178,0.042,0,0,1.61,0,20.06,0,0,0.09,0,0,0,0.36,0.04,0.02,"['Blueberry', 'Earthy', 'Fruity', 'Pungent', 'Sweet']","['Candy', 'Fruity', 'Sugary', 'Sweet']","['Body High', 'Euphoria', 'Sociable']"
0.031,0,0,0,0,0,0,0.04,0.38,0.569,0,0.074,0.044,0.023,0.204,0.123,0.062,0.108,0,0,2.33,0,16,,0,0.08,0,0,0,1.5,0.14,0.02,"['Blueberry', 'Earthy', 'Fruity', 'Sweet', 'Vanilla']","['Berry', 'Blueberry', 'Citrus', 'Lemon', 'Spicy', 'Sweet', 'Vanilla']","['Euphoria', 'Happy', 'Hungry', 'Sleepy']"
0,0.008,0.002,0.001,0.001,0.064,0,0.065,0,0.006,0.062,0.149,0.029,0,0.496,0.38,0.053,0.375,0,0,0.45,0,22.32,0,0,0.05,0,0,0,0.59,0.02,0,"['Pine', 'Pineapple', 'Skunky', 'Sweet']","['Cheesy', 'Pine', 'Pineapple', 'Skunky', 'Sweet', 'Tropical']","['Creative', 'Energizing', 'Euphoria', 'Happy', 'Relaxing', 'Uplifting']"
0,0,0,0,0.001,0.036,0,0.044,0.186,0.004,0.015,0.024,0.063,0,0.064,1.176,0.029,0.013,0,0,0.49,0,20.61,0,0,0.05,0,0,0,0.65,0.07,0,"['Earthy', 'Pine', 'Pungent', 'Spicy', 'Sweet']","['Herbal', 'Pine', 'Skunky', 'Spicy', 'Woody']","['Euphoria', 'Happy', 'Relaxing', 'Sleepy']"
0,0.022,0.044,0,0,0.003,0,0.527,0,0.01,0.125,0.227,0.089,0,0.769,0.105,0.129,0.405,0.004,0,4.34,0,76.91,0,0,0.25,0,0,0,0.79,0.36,0.08,"['Citrus', 'Pine', 'Pungent', 'Woody']","['Citrus', 'Pine']","['Creative', 'Happy', 'Relaxing', 'Uplifting']"
0,0.015,0.009,0,0.005,0,0,0.171,0,0.013,0.054,0.081,0.057,0,0.236,0.306,0.108,0.515,0,0,0.44,0,23.84,0,0,0.05,0,0,0,0.44,0.19,0,"['Earthy', 'Grape', 'Sweet']","['Berry', 'Buttery', 'Pine', 'Skunky', 'Sweet', 'Tropical']","['Creative', 'Energizing', 'Euphoria', 'Giggly', 'Happy', 'Relaxing', 'Uplifting']"
0,0.01,0.024,0,0,0,0,0.077,0,0.005,0.106,0.324,0.046,0,0.785,0.551,0.072,0.499,0,0,0.73,0,22.2,0.03,0,0.11,0,0,0,0.56,0.07,0,"['Citrus', 'Earthy', 'Pepper', 'Pine', 'Spicy', 'Woody']","['Lemon', 'Pine', 'Spicy']","['Body High', 'Creative', 'Relaxing']"
0,0.003,0.007,0,0,0.002,0,0.078,0,0.003,0.019,0.065,0.105,0,0.236,0.478,0.055,0.062,0,0,0.92,0,19.76,0,0,0.05,0,0,0,0.45,0.15,0.02,"['Citrus', 'Earthy', 'Herbal', 'Lemon', 'Pine', 'Woody']","['Citrus', 'Orange', 'Pine', 'Sour', 'Spicy', 'Woody']","['Body High', 'Energizing', 'Euphoria', 'Focus', 'Motivation', 'Uplifting']"
0,0.01,0.004,0,0,0.093,0,0.193,0.088,0.004,0,0.117,0.033,0,0.423,0.847,0.062,0.402,0,0,2.26,0,24.92,0,0,0.05,0,0,0,1.61,0.17,0,"['Candy', 'Earthy', 'Grape', 'Sour', 'Sweet']","['Berry', 'Candy', 'Fruity', 'Grape', 'Sweet']","['Body High', 'Cerebral', 'Energizing', 'Euphoria', 'Focus', 'Sociable']"
0,0.002,0,0,0.002,0.01,0,0.018,0.075,0.002,0.028,0.045,0.339,0,0.146,0.874,0.103,0.045,0,0,0.73,0,22.58,0.02,0,0.07,0,0,0,0.67,0.09,0,"['Blueberry', 'Earthy', 'Fruity', 'Sweet']","['Berry', 'Fruity', 'Grape', 'Sweet']","['Creative', 'Energizing', 'Euphoria', 'Focus', 'Happy']"
0,0,0,0,0.004,0,0,0,0,0.013,0,0.074,0.048,0,0.255,0.637,0.092,0.453,0,0,0.81,0,24.11,0,0,0.02,0,0,0,1.02,0.12,0,"['Diesel', 'Floral', 'Pine', 'Woody']","['Citrus', 'Lemon', 'Pine']","['Euphoria', 'Happy', 'Hungry', 'Relaxing', 'Sleepy']"
0,0.007,0.024,0.003,0,0,0,0.047,0,0,0.075,0.113,0.386,0,0.307,0.926,0.158,0.087,0,0,7.74,0,10.22,0,0.11,0.08,0,0,0,0.16,0.07,0.09,"['Blueberry', 'Earthy', 'Fruity', 'Sweet']","['Berry', 'Blueberry', 'Nutty', 'Sweet', 'Tangy', 'Woody']","['Aroused', 'Cerebral', 'Creative', 'Energizing', 'Euphoria', 'Focus', 'Giggly', 'Happy']"
0.011,0.013,0.375,0.017,0.006,0.11,0,0.127,0.034,0.068,0.109,0.154,0.182,0,0.405,0.133,0.107,0.176,0.004,0.006,6.17,0,58.17,0,0.15,0.15,0,0,0,0.88,0.11,0.07,"['Cheese', 'Pineapple', 'Pungent', 'Skunky', 'Sweet']","['Citrus', 'Creamy', 'Pineapple', 'Skunky', 'Sweet', 'Tropical']","['Creative', 'Euphoria', 'Happy', 'Sleepy']"
0,0.003,0,0,0,0,0,0.142,0,0,0.021,0.039,0.037,0,0.16,0.064,0.065,0.378,0,0,0.21,0.01,16.87,0,0,0.07,0,0,0,1.02,0.07,0,"['Berry', 'Earthy', 'Fruity', 'Spicy', 'Sweet']","['Berry', 'Grape', 'Pine', 'Sweet']","['Cerebral', 'Euphoria', 'Happy', 'Relaxing', 'Sleepy', 'Tingly', 'Uplifting']"
0,0,0,0,0,0,0,0.116,0,0,0,0.106,0.037,0,0.379,0.1,0.06,0.32,0,0,1.29,0,18.55,0,0,0.03,0,0,0.01,0.31,0.07,0,"['Blueberry', 'Fruity', 'Sweet']","['Berry', 'Blueberry', 'Cheesy', 'Creamy', 'Fruity', 'Sweet', 'Vanilla']","['Creative', 'Energizing', 'Euphoria', 'Happy']"
0,0.015,0.003,0.005,0.001,0,0,0.112,0.061,0.015,0.009,0.14,0.091,0,0.308,0.078,0.099,0.521,0.001,0,0.44,0,17.6,0,0,0.07,0,0,0,0.65,0.18,0.01,"['Berry', 'Cherry', 'Citrus', 'Earthy', 'Lemon', 'Sour', 'Woody']","['Berry', 'Citrus', 'Sour', 'Sweet', 'Woody']","['Body High', 'Calming', 'Euphoria', 'Happy', 'Hungry', 'Tingly']"
0,0.004,0.007,0,0,0.125,0,0.045,0,0,0.073,0.041,0.018,0,0.139,0.446,0.038,0.131,0,0,0.3,0,17.83,0,0,0.04,0,0,0,0.36,0.11,0,"['Citrus', 'Earthy', 'Fruity', 'Pine', 'Sweet']","['Citrus', 'Herbal', 'Pine', 'Spicy', 'Sweet', 'Woody']","['Creative', 'Energizing', 'Focus', 'Happy', 'Relaxing', 'Uplifting']"
0,0.027,0.009,0,0.04,0,0,0,0,0.042,0.017,0.141,0.089,0,0.382,0.312,0.123,0.655,0,0,0.7,0.01,21.7,0.03,0,0.05,0,0,0,0.46,0.11,0.02,"['Diesel', 'Herbal', 'Pungent', 'Sour', 'Spicy']","['Citrus', 'Diesel', 'Spicy', 'Sweet']","['Cerebral', 'Energizing', 'Euphoria', 'Happy']"
0,0.004,0.01,0,0,0.067,0,0.037,0,0.038,0,0.061,0.092,0,0.091,0.217,0.051,0.043,0,0,0.15,0,0.45,0.02,0,11.26,1.16,0.04,0.39,0.18,0.07,0.09,"['Earthy', 'Fruity', 'Herbal', 'Nutty', 'Pine', 'Sour', 'Spicy']","['Fruity', 'Herbal', 'Nutty', 'Sour', 'Sweet']","['Creative', 'Euphoria', 'Happy', 'Hungry', 'Uplifting']"
0,0,0,0,0,0.056,0,0.025,0.027,0,0,0.049,0.161,0,0.126,0.547,0.073,0.133,0,0,0.51,0,10.44,0,0,0.05,0,0,0,0.18,0.02,0,"['Creamy', 'Earthy', 'Fruity', 'Nutty', 'Sour', 'Sweet']","['Berry', 'Fruity', 'Nutty', 'Sour', 'Sweet']","['Body High', 'Creative', 'Happy', 'Relaxing', 'Sleepy', 'Uplifting']"
0,0.005,0.043,0,0,0,0,0.027,0,0,0.204,0.786,0.032,0,2.044,1.684,0.074,0.312,0,0,4.01,0,69.64,0,0,0.16,0,0,0,4.63,0.62,0.15,"['Earthy', 'Floral', 'Fruity', 'Grape', 'Sweet']","['Berry', 'Fruity', 'Grape', 'Sweet', 'Tropical']","['Euphoria', 'Happy', 'Hungry']"
0.026,0.006,0.004,0.003,0,0.058,0,0.053,0.008,0.53,0.021,0.075,0.273,0.017,0.224,0.551,0.166,0.103,0.01,0,0.65,0,17.15,0,0,0.05,0,0,0,0.3,0.09,0,"['Citrus', 'Herbal', 'Orange', 'Sweet']","['Citrus', 'Herbal', 'Orange', 'Tea']","['Aroused', 'Energizing', 'Focus', 'Happy', 'Tingly', 'Uplifting']"
0.13,0,0,0,0,0,0,0.174,0.662,4.002,0.098,0.667,0.236,0,2.193,0.79,0.424,0.648,0,0,77.17,0,0,0.52,0.7,0,0.16,0,0,0,2.29,0.79,"['Citrus', 'Earthy', 'Pine', 'Spicy', 'Sweet']","['Herbal', 'Lemon', 'Pine', 'Spicy', 'Sweet', 'Tangy']","['Creative', 'Energizing', 'Euphoria', 'Focus', 'Happy']"
0,0.008,0.022,0,0,0,0,0.035,0.068,0.004,0.074,0.121,0.638,0,0.373,0.518,0.156,0.111,0.001,0,1.74,0.02,23.61,0.02,0,0.06,0,0,0,0.36,0.1,0.05,"['Cherry', 'Dank', 'Earthy', 'Sweet']","['Berry', 'Cherry', 'Herbal', 'Pine', 'Spicy', 'Sweet']","['Creative', 'Energizing', 'Euphoria', 'Happy', 'Relaxing', 'Uplifting']"
0,0,0,0,0,0,0,0.06,0,0,0,0.216,0.031,0,0.793,0.348,0.053,0.26,0,0,1.64,0,24.7,0,0,0.03,0,0,0,0.2,0.09,0,"['Earthy', 'Pungent', 'Skunky', 'Spicy', 'Sweet']","['Berry', 'Grape', 'Sweet']","['Euphoria', 'Happy', 'Relaxing', 'Sleepy']"
0,0.017,0.008,0,0,0.07,0,0.078,0.09,0.019,0,0.134,0.062,0,0.483,0.088,0.083,0.574,0,0,0.81,0,22.18,0,0,0.03,0,0,0,0.36,0.1,0,"['Apple', 'Berry', 'Cherry', 'Earthy', 'Fruity', 'Sweet']","['Apple', 'Berry', 'Candy', 'Cherry', 'Citrus', 'Sweet']","['Creative', 'Energizing', 'Euphoria', 'Giggly', 'Happy', 'Relaxing', 'Sociable', 'Uplifting']"
0,0.009,0.024,0,0.005,0,0.003,0.027,0.066,0.006,0.011,0.175,0.427,0,0.474,1.953,0.21,0.309,0,0,1.22,0,21.1,0,0,0.05,0,0,0,0.78,0.11,0,"['Berry', 'Earthy', 'Spicy', 'Sweet', 'Woody']","['Chemical', 'Grape', 'Pine', 'Pineapple', 'Spicy', 'Woody']","['Energizing', 'Giggly', 'Motivation', 'Sociable', 'Uplifting']"
0,0.017,0.133,0.02,0.005,0.064,0,0.084,0.064,0.021,0.155,0.254,0.448,0,0.699,0.56,0.3,0.469,0.005,0,2.52,0,73.84,0,0,0.23,0,0.05,0,2.17,0.16,0,"['Earthy', 'Flowery', 'Skunky', 'Spicy', 'Woody']","['Flowery', 'Pine', 'Skunky', 'Spicy']","['Body High', 'Calming', 'Cerebral', 'Euphoria', 'Relaxing']"
0,0.017,0.009,0,0.032,0,0,0.097,0,0.03,0,0.059,0.057,0,0.13,0.109,0.089,0.276,0,0,0.63,0,21.26,0.01,0,0.08,0,0,0,0.9,0.09,0,"['Citrus', 'Earthy', 'Fuel', 'Pungent']","['Lemon', 'Peppery']","['Cerebral', 'Relaxing']"
0,0.011,0,0,0,0,0,0.021,0,0,0.009,0.038,0.761,0,0.135,2.114,0.222,0.333,0,0,0.62,0,17.19,0,0,0.04,0,0,0,1.02,0.07,0,"['Citrus', 'Coffee', 'Fruity', 'Sweet']","['Berry', 'Citrus', 'Coffee', 'Dank', 'Pine', 'Sweet']","['Euphoria', 'Happy', 'Relaxing', 'Sleepy', 'Sociable']"
0,0.018,0.007,0,0,0,0,0.181,0,0.006,0,0.118,0.058,0,0.388,0.58,0.114,0.633,0,0,1.18,0,23.65,0,0,0.02,0,0,,0.48,0.11,0,"['Citrus', 'Diesel', 'Earthy', 'Pungent', 'Skunky', 'Woody']","['Diesel', 'Lemon', 'Pine', 'Skunky']","['Body High', 'Euphoria', 'Relaxing', 'Sleepy', 'Uplifting']"
0,0,0.073,0,0.003,0.014,0,0.025,0,0,0.163,0.04,0,0,0.055,0,0,0,0,0,3.72,0.23,79.22,0.05,0.12,0.17,0.01,0,0.03,1.21,0.26,0,[],"['Berry', 'Diesel', 'Sweet']","['Euphoria', 'Happy', 'Hungry', 'Mellow', 'Sleepy']"
0,0.005,0.005,0,0,0.003,0.006,0.054,0.057,0.007,0.029,0.055,0.316,0,0.19,0.272,0.096,0.06,0,0,0.86,0,15.65,0,0,0.04,0,0,0,0.56,0.04,0,"['Earthy', 'Flowery', 'Pungent', 'Sweet']","['Lemon', 'Pine', 'Sweet', 'Woody']","['Euphoria', 'Happy', 'Relaxing', 'Sleepy']"
0,0.008,0.005,0,0,0,0,0.041,0,0.006,0.033,0.122,0.026,0,0.334,0.19,0.048,0.223,0,0,0.26,0,24.29,0,0,0.05,0,0,0,0.76,0.3,0,"['Citrus', 'Diesel', 'Fruity', 'Pungent', 'Skunky', 'Sweet']","['Berry', 'Fruity', 'Skunky', 'Sweet', 'Woody']","['Energizing', 'Euphoria', 'Focus', 'Happy', 'Uplifting']"
0.025,0,0,0,0,0,0,0.005,0.066,0.685,0,0.076,0.035,0.022,0.227,0.069,0.057,0.068,0.01,0,1.38,0,14.87,0,0,0.05,0,0,0,0.28,0.09,0.01,"['Pine', 'Sweet']","['Herbal', 'Pine', 'Spicy', 'Sweet', 'Woody']","['Creative', 'Energizing', 'Euphoria', 'Focus', 'Happy']"
0,0.009,0.027,0,0,0.195,0,0.034,0,0.004,0.224,0.113,0.612,0,0.351,1.7,0.286,0.14,0.001,0,0.06,0,0.62,0,0,16.93,0.33,0,0.04,0.77,0.05,0.04,"['Earthy', 'Pine', 'Pungent', 'Sweet', 'Woody']","['Apple', 'Citrus', 'Honey', 'Pine', 'Skunky', 'Sweet', 'Woody']","['Creative', 'Euphoria', 'Focus', 'Giggly', 'Happy', 'Hungry', 'Uplifting']"
0,0.007,0,0,0.005,0,0,0.034,0,0,0,0.131,0.029,0,0.458,0.178,0.056,0.252,0,0,1.86,0,18.31,0,0,0.01,0,0,0.02,0.27,0.05,0.01,"['Chemical', 'Chocolate', 'Diesel', 'Earthy', 'Pine', 'Sour']","['Chocolate', 'Coffee', 'Diesel', 'Pine', 'Sour']","['Body High', 'Cerebral', 'Energizing', 'Euphoria', 'Relaxing', 'Uplifting']"
0,0,0,0,0,0.027,0,0.075,0,0,0.013,0.017,0.033,0,0.072,0.444,0.058,0.234,0,0,0.27,0,19.52,0,0,0.09,0,0,0,0.38,0.05,0,"['Grape', 'Pungent', 'Sweet']","['Fruity', 'Sweet']","['Body High', 'Relaxing', 'Sleepy']"
0,0.019,0,0,0,0.02,0,0.043,0.002,0,0,0.008,1.036,0,0.035,0.93,0.435,0.187,0,0,0.55,0,20.49,0,0,0.05,0,0,0,0.42,0.09,0,['Sweet'],"['Berry', 'Blueberry', 'Sweet']","['Creative', 'Energizing', 'Euphoria', 'Focus', 'Happy', 'Relaxing']"
0,0.014,0.008,0,0.006,0.011,0,0.257,0.003,0.015,0.05,0.071,0.051,0,0.233,0.211,0.099,0.617,0,0,0.42,0,20.8,0,0,0.07,0,0,0,0.16,0.1,0,"['Diesel', 'Earthy', 'Nutty', 'Sour', 'Spicy']","['Diesel', 'Nutty', 'Spicy', 'Sweet']","['Calming', 'Creative', 'Euphoria', 'Hungry', 'Relaxing', 'Uplifting']"
0.01,0,0.012,0,0,0,0,0.02,0.145,0.467,0.052,0.063,0.09,0.01,0.148,0.753,0.061,0.075,0.009,0,0.05,0,0.47,0,0,14.07,0.4,0,0.08,0.11,0.02,0.04,"['Citrus', 'Diesel', 'Earthy', 'Sour', 'Woody']","['Citrus', 'Diesel', 'Pine', 'Sweet', 'Woody']","['Energizing', 'Euphoria', 'Focus', 'Happy', 'Relaxing']"
0,0,0.073,0,0,0.041,0.026,0.208,0,0,0.137,0.177,0,0,0.494,0,0,0.01,0,0,6.11,0.1,72.86,0.06,0,0.22,0,0,0,2.02,0.32,0.3,"['Citrus', 'Pine', 'Skunky']","['Pine', 'Sweet', 'Woody']","['Euphoria', 'Happy', 'Relaxing']"
0.0416,0,0,0,0.0351,0.0543,0,0.021,0.0268,0.644,0.0254,0.0248,0.111,0.0295,0.0803,0.292,0.163,0.218,0.0213,0,3.02,0,17.7,0.07,0,0,0,0,0,0.34,0.09,0,"['Citrus', 'Earthy', 'Pungent', 'Skunky', 'Sour']","['Citrus', 'Herbal', 'Lemon', 'Lime', 'Spicy', 'Sweet', 'Tangy']","['Cerebral', 'Creative', 'Energizing', 'Euphoria', 'Happy', 'Relaxing', 'Sociable', 'Uplifting']"
0,0.005,0.002,0,0,0,0,0.117,0,0.005,0.078,0.085,0.023,0,0.258,0.451,0.046,0.23,0,0,0.59,0,20.96,0,0,0.05,0,0,0,0.23,0.05,0,"['Citrus', 'Earthy', 'Herbal', 'Lemon', 'Spicy']","['Citrus', 'Lemon', 'Tropical']","['Creative', 'Euphoria', 'Focus', 'Happy']"
0,0.01,0.012,0,0,0,0,0,0.038,0,0,0.045,0.155,0,0.143,0.464,0.087,0.085,0,0,0.36,0,21.3,0,0,0.05,0,0,0,0.92,0.1,0,"['Citrus', 'Earthy', 'Nutty']","['Citrus', 'Herbal', 'Peppery', 'Spicy', 'Woody']","['Body High', 'Euphoria', 'Happy', 'Hungry', 'Sleepy']"
0,0.006,0.018,0,0,0.002,0,0.044,0,0,0.105,0.245,0.042,0,0.638,0.087,0.039,0.204,0,0,7.02,0,12.88,0,0.05,0.07,0,0,0,0.28,0.11,0.08,"['Earthy', 'Floral', 'Fruity', 'Sweet']","['Candy', 'Fruity', 'Sweet']","['Euphoria', 'Happy', 'Relaxing']"
0,0.01,0.008,0,0.027,0,0,0.058,0,0.007,0.108,0.364,0.026,0,1.185,0.531,0.051,0.392,0,0,2.26,0,19.11,0.03,0,0.06,0,0,0.02,0.24,0.05,0.02,"['Chemical', 'Chocolate', 'Coffee', 'Diesel', 'Sour', 'Sweet']","['Chemical', 'Chocolate', 'Coffee', 'Diesel', 'Pine', 'Sweet']","['Body High', 'Cerebral', 'Energizing', 'Euphoria', 'Happy', 'Uplifting']"
0.019,0,0.008,0,0,0.053,0,0.019,0.363,0.562,0.04,0.084,0.042,0.015,0.211,0.125,0.054,0.132,0.01,0.002,2.58,0,14.62,0.04,0,0.11,0,0,0,4.26,0.25,0.06,"['Earthy', 'Herbal', 'Pungent', 'Spicy', 'Woody']","['Herbal', 'Pine', 'Sweet', 'Woody']","['Body High', 'Euphoria', 'Happy', 'Hungry', 'Relaxing', 'Sleepy']"
0,0,0.009,0,0,0,0,0.009,0,0,0.024,0.1,0.103,0,0.287,0.75,0.054,0.018,0,0,1.89,0,20.78,0,0,0.05,0,0,0,0.17,0.06,0.05,"['Chocolate', 'Coffee']","['Chocolate', 'Coffee', 'Pine', 'Sweet', 'Woody']","['Cerebral', 'Creative', 'Euphoria', 'Focus']"
0,0.008,0.02,0.002,0.007,0.002,0,0.066,0.002,0.008,0.216,0.305,0.029,0,0.922,1.153,0.064,0.495,0,0,1.21,0,18.55,0,0,0.02,0,0,0,0.77,0.09,0,"['Kush', 'Lemon', 'Pungent', 'Skunky']",['Lemon'],"['Euphoria', 'Relaxing', 'Sleepy']"
0,0.005,0.012,0.012,0,0,0,0.038,0.028,0,0.057,0.09,0.187,0,0.244,0.15,0.06,0.038,0,0,0.96,0,12.27,0.03,0,0.04,0,0,0,0.35,0.04,0.02,"['Earthy', 'Fruity', 'Kush', 'Mango', 'Skunky']",['Sweet'],"['Creative', 'Happy', 'Uplifting']"
0.033,0.015,0.011,0.008,0.037,0.032,0,0.11,0,0.035,0.061,0.118,0.031,0.037,0.314,0.041,0.057,0.165,0.035,0.032,0.23,0.01,18.31,0.03,0,0.04,0,0,0,0.84,0.03,0,"['Diesel', 'Earthy', 'Fruity', 'Pungent', 'Spicy', 'Sweet']","['Diesel', 'Fruity', 'Grape', 'Herbal', 'Spicy', 'Sweet']","['Euphoria', 'Happy', 'Hungry', 'Relaxing', 'Sleepy', 'Uplifting']"
0,0.002,0.015,0,0,0,0.008,0.041,0,0,0.081,0.035,0.147,0,0.116,0.653,0.05,0.071,0,0,2.44,0,1.54,0,0.03,6.96,2.49,0.05,0.17,0.21,0.08,0.14,"['Berry', 'Earthy', 'Pungent', 'Skunky', 'Sweet']","['Berry', 'Spicy', 'Sugary', 'Sweet']",['Happy']
0,0.009,0.012,0,0,0,0,0.058,0.004,0.007,0.023,0.199,0.034,0,0.707,0.162,0.06,0.285,0,0,0.62,0,28.48,0,0,0.05,0,0,0,1.83,0.3,,"['Earthy', 'Herbal', 'Nutty', 'Spicy', 'Vanilla', 'Woody']","['Nutty', 'Pine', 'Sweet', 'Vanilla', 'Woody']","['Body High', 'Hungry', 'Relaxing', 'Sleepy', 'Uplifting']"
0,0.005,0.015,0.003,0,0,0,0.003,0.089,0.006,0.094,0.128,0.226,0,0.464,1.488,0.088,0.105,0,0,1.16,0,21.18,0,0,0.06,0,0,0,0.2,0.08,0,"['Chemical', 'Kush', 'Mint', 'Sweet']","['Chemical', 'Mint', 'Sweet']","['Energizing', 'Euphoria', 'Focus', 'Happy', 'Relaxing', 'Uplifting']"
0,0.007,0.029,0,0.002,0.001,0,0.052,0.043,0.006,0.099,0.137,0.228,0,0.426,1.175,0.121,0.272,0,0,0.63,0,15.12,0.02,0,0.04,0,0,0,0.09,0.07,0,"['Earthy', 'Orange', 'Sour', 'Sweet']","['Citrus', 'Orange', 'Spicy', 'Sweet', 'Tangy']","['Creative', 'Energizing', 'Euphoria', 'Focus', 'Happy']"
0,0,0.009,0,0,0.06,0.006,0.029,0.334,0,0.004,0.072,0.058,0,0.173,1.344,0.028,0.013,0,0,0.28,0,14.51,0,0,0.04,0,0,0,1.5,0.06,0,"['Earthy', 'Nutty', 'Pine', 'Sweet', 'Vanilla', 'Woody']","['Herbal', 'Nutty', 'Sweet', 'Vanilla']","['Body High', 'Cerebral', 'Hungry', 'Relaxing', 'Sleepy', 'Uplifting']"
0,0.009,0.014,0,0,0.003,0,0.233,0,0.009,0.09,0.221,0.038,0,0.722,0.875,0.072,0.476,0,0,0.91,0.01,25.48,0.03,0,0.07,0,0,0,0.87,0.13,0.01,"['Berry', 'Earthy', 'Fruity', 'Herbal', 'Spicy', 'Sweet']","['Berry', 'Fruity', 'Herbal', 'Spicy', 'Sweet']","['Creative', 'Energizing', 'Euphoria', 'Giggly', 'Happy', 'Relaxing', 'Uplifting']"
0,0.007,0.021,0,0.001,0.002,0,0.251,0,0.002,0.065,0.398,0.027,0,1.06,0.245,0.051,0.326,0,0,0.75,0,23.45,0,0,0.07,0,0,0,0.75,0.08,0,"['Mint', 'Nutty', 'Pungent', 'Spicy', 'Sweet', 'Vanilla']","['Cherry', 'Lemon', 'Pine']",['Cerebral']
0.033,0.003,0.016,0.005,0.003,0.001,0.009,0.036,0.296,0.925,0.009,0.182,0.048,0.016,0.517,0.187,0.088,0.147,0.018,0.003,0.61,0,21.14,0,0,0.06,0,0,0,1.61,0.18,0,"['Citrus', 'Earthy', 'Lemon']","['Citrus', 'Lemon', 'Lime', 'Sweet', 'Tangy']","['Energizing', 'Euphoria', 'Happy', 'Uplifting']"
0,0,0,0,0,0,0,0.114,0,0,0.196,0.402,0.02,0,1.027,0.551,0.042,0.254,0,0,0.97,0,20.89,0,0,0.06,0,0,0,0.45,0.06,0,"['Citrus', 'Lemon', 'Lime', 'Pungent']","['Citrus', 'Diesel', 'Lemon', 'Spicy', 'Sweet']","['Euphoria', 'Focus', 'Giggly', 'Happy', 'Relaxing']"
0.014,0.002,0.008,0.003,0.001,0.05,0.007,0.06,0.029,0.442,0.013,0.066,0.076,0.009,0.2,0.401,0.068,0.097,0.007,0.001,0.68,0.02,17.48,0.02,0,0.05,0,0,0,0.24,0.04,0.02,"['Cheese', 'Grape', 'Pungent', 'Sour', 'Sweet']","['Cheesy', 'Grape', 'Sweet']","['Euphoria', 'Focus', 'Happy', 'Relaxing', 'Sociable']"
0.067,0.006,0.005,0.006,0.004,0.005,0,0.028,0.022,1.795,0.037,0.069,0.108,0.054,0.176,0.826,0.179,0.38,0.027,0.003,1.74,0,20.5,0,0,0.05,0,0,0,0.92,0.13,0.02,"['Citrus', 'Pungent', 'Spicy']","['Citrus', 'Fruity', 'Spicy', 'Sweet']","['Creative', 'Giggly', 'Happy', 'Relaxing', 'Uplifting']"
0,0.002,0,0,0,0,0,0.055,0.108,0,0.03,0.059,0.486,0,0.241,0.513,0.131,0.114,0,0,0.52,0,22.57,0.01,0,0.05,0,0,0,1.08,0.05,0,"['Citrus', 'Earthy', 'Spicy', 'Sweet']","['Citrus', 'Sweet', 'Tangy']","['Body High', 'Creative', 'Euphoria', 'Happy', 'Relaxing']"
0,0.008,0.005,0,0.003,0,0,0.158,0.002,0.005,0.071,0.072,0.03,0,0.275,0.019,0.051,0.327,0,0,0.18,0,17.17,0,0,0.06,0,0,0,0.31,0.03,0,"['Earthy', 'Mango', 'Pungent', 'Sweet']","['Berry', 'Citrus', 'Fruity', 'Sweet']","['Euphoria', 'Happy', 'Relaxing', 'Sleepy']"
0,0.012,0.004,0,0.004,0,0,0.133,0.004,0.013,0.101,0.295,0.045,0,1.014,0.597,0.087,0.576,0.001,0,0.67,0,27.3,0,0,0.06,0,0,0,0.41,0.07,0,"['Earthy', 'Fruity', 'Herbal', 'Spicy', 'Vanilla']","['Fruity', 'Herbal', 'Spicy', 'Sweet', 'Vanilla']","['Cerebral', 'Energizing', 'Giggly', 'Sociable', 'Uplifting']"
0,0,0.127,0,0,0.109,0,0.229,0.027,0,0.267,0.426,0.254,0,1.253,0.653,0.123,0.181,0,0,9,0,66.43,0,0.46,0.17,0,0,0,0.78,0.41,0.16,"['Fruity', 'Kush', 'Sweet']",['Fruity'],"['Body High', 'Happy']"
0,0.007,0.009,0,0.032,0.011,0.004,0.19,0.156,0.009,0.118,0.1,0.266,0,0.308,1.072,0.112,0.241,0,0,1.26,0,16.37,0.02,0,0.04,0,0,0,0.43,0.08,0,"['Citrus', 'Diesel', 'Earthy', 'Lemon', 'Pungent', 'Skunky', 'Spicy']","['Diesel', 'Lemon', 'Skunky', 'Sour']","['Body High', 'Relaxing', 'Uplifting']"
0,0.027,0,0,0.014,0,0,0.223,0,0.025,0,0.061,0.073,0,0.191,0.361,0.112,0.661,0,0,0.7,0,21.71,0,0,0.04,0,0,0,0.95,0.1,0.01,"['Citrus', 'Earthy', 'Pine', 'Sweet', 'Woody']","['Citrus', 'Lemon', 'Pine', 'Sweet']","['Creative', 'Energizing', 'Euphoria', 'Happy', 'Relaxing', 'Sociable', 'Uplifting']"
0,0.003,0.005,0.001,0.001,0.05,0,0.065,0,0.005,0.035,0.048,0.142,0,0.166,0.818,0.06,0.104,0.002,0,1.02,0,6.29,0,0,16.86,0.7,0,0.04,0.63,0.19,0.07,"['Citrus', 'Earthy', 'Sour', 'Woody']","['Citrus', 'Pine', 'Sweet', 'Tangy', 'Woody']","['Energizing', 'Euphoria', 'Focus', 'Happy', 'Relaxing']"
0,0,0.06,0,0,0.256,0,0.142,0,0.314,0.389,0.24,0.203,0,0.732,0.399,0.161,0.208,0.01,0,6.83,0,68.67,0,0,0.17,0,0,0,0.64,0.2,0.13,"['Cheese', 'Chemical', 'Citrus']","['Citrus', 'Orange', 'Sweet']","['Creative', 'Energizing', 'Euphoria', 'Giggly', 'Happy', 'Sociable']"
0,0,0,0,0.002,0,0,0.036,0,0,0.017,0.043,0.015,0,0.162,0.139,0.03,0.181,0,0,0.61,0,20.01,0.01,0,0.05,0,0,0,0.43,0.11,0.04,"['Earthy', 'Lemon', 'Pungent', 'Skunky', 'Sour']","['Citrus', 'Lemon', 'Skunky', 'Sweet', 'Tangy']","['Energizing', 'Euphoria', 'Giggly', 'Happy', 'Sociable', 'Uplifting']"
0,0.016,0.011,0,0.006,0,0,0.078,0.67,0.008,0.034,0.085,0.472,0,0.25,0.56,0.236,0.586,0,0,1.66,0.01,19.04,0.01,0,0.07,0,0,0,0.28,0.12,0.02,"['Herbal', 'Sweet']","['Spicy', 'Sweet']","['Euphoria', 'Happy']"
0,0,0,0,0,0,0,0.029,0,0,0,0.055,0.031,0,0.194,0.355,0.055,0.322,0,0,0.31,0,18.15,0,0,0.03,0,0,0,0.47,0.05,0,"['Berry', 'Earthy', 'Skunky']","['Berry', 'Buttery', 'Creamy', 'Skunky', 'Sweet']","['Euphoria', 'Happy', 'Hungry', 'Relaxing', 'Sociable', 'Uplifting']"
0,0.005,0.003,0,0.001,0.045,0,0.048,0.064,0.003,0.033,0.078,0.018,0,0.286,1.998,0.046,0.203,0,0,0.56,0,26.95,0,0,0.07,0,0,0,0.27,0.1,0,"['Earthy', 'Fruity', 'Skunky', 'Spicy']","['Fruity', 'Herbal', 'Skunky', 'Spicy', 'Sweet']","['Creative', 'Euphoria', 'Focus', 'Happy', 'Hungry', 'Relaxing']"
0,0,0.026,0,0,0,0,0.073,0,0,0.131,0.253,0.048,0,0.611,0.162,0.094,0.703,0,0,0.39,0,25.27,0,0,0.04,0,0,0,0.71,0.09,0,"['Earthy', 'Herbal', 'Pine', 'Pungent', 'Spicy', 'Woody']","['Herbal', 'Pine', 'Spicy', 'Woody']","['Body High', 'Calming', 'Relaxing', 'Tingly', 'Uplifting']"
0,0,0.118,0,0,0.573,0,0.17,0,0,0,0.267,0,0,0.539,0.113,0,0.11,0,0,1.82,0,82.88,0,0,0.27,0,0,0,1.93,0.26,0.05,"['Bubble Gum', 'Earthy', 'Fragrant', 'Sweet']","['Bubble Gum', 'Sweet', 'Tangy']","['Happy', 'Relaxing', 'Sleepy']"
0,0,0.021,0,0,0,0,0.173,0,0,0,0.213,0.041,0,0.662,0.894,0.069,0.406,0,0,13.2,0,9.5,0.07,0,0.04,0,0,0,0.53,0.28,0.13,[],"['Diesel', 'Lemon', 'Pine', 'Sweet']","['Euphoria', 'Happy', 'Relaxing', 'Sleepy']"
0,0.017,0.007,0,0.008,0.001,0,0.314,0.005,0.018,0.02,0.263,0.068,0,0.669,0.216,0.11,0.846,0.001,0,0.63,0,25.72,0,0,0.08,0,0,0.02,1.33,0.07,0,"['Floral', 'Pungent', 'Skunky', 'Spicy']","['Spicy', 'Sweet', 'Tropical']","['Happy', 'Sociable', 'Uplifting']"
0,0.009,0.005,0,0,0,0,0.078,0,0.003,0.083,0.088,0.061,0,0.291,0.64,0.07,0.307,0,0,0.65,0,21.46,0,0,0.04,0,0,0,0.67,0.12,0,"['Diesel', 'Grapefruit', 'Lime', 'Pungent', 'Sweet']","['Citrus', 'Diesel', 'Grapefruit', 'Lime', 'Sweet']","['Energizing', 'Euphoria', 'Happy', 'Sociable']"
0,0.007,0.011,0,0.033,0,0,0.055,0.039,0.031,0.008,0,0.26,0,0.14,0.803,0.086,0.098,0,0,1.34,0,20.04,0.01,0,0.06,0,0,0,0.42,0.11,0.02,"['Earthy', 'Herbal', 'Pungent', 'Sweet', 'Woody']","['Herbal', 'Pine', 'Sweet']","['Euphoria', 'Happy', 'Relaxing', 'Uplifting']"
0,0.021,0.125,0,0,0,0,0.143,0,0.034,0.308,0.696,0.132,0,2.373,0.322,0.169,0.596,0,0,7.93,0,60.18,0,0.06,0.19,0,0,0,2.08,0.24,0.25,"['Earthy', 'Herbal', 'Pungent', 'Skunky', 'Sweet']","['Citrus', 'Herbal', 'Lemon', 'Sweet']","['Body High', 'Cerebral', 'Creative', 'Energizing', 'Euphoria', 'Happy', 'Uplifting']"
0,0,0,0,0,0,0,0.119,0,0,0,0.142,0.033,0,0.471,1.175,0.067,0.371,0,0,1.95,0,19.87,0,0,0.02,0,0,0,0.63,0.09,0.01,"['Citrus', 'Earthy', 'Pine', 'Skunky', 'Sweet']","['Citrus', 'Lemon', 'Lime', 'Pine', 'Sweet']","['Euphoria', 'Happy', 'Relaxing', 'Sleepy']"
0,0.01,0.018,0,0,0,0,0.101,0,0.035,0.046,0.205,0.028,0,0.587,0.146,0.06,0.184,0,0,0.68,0.04,23,0,0,0.07,0,0,0,0.49,0.06,0,['Pine'],"['Berry', 'Citrus', 'Fruity', 'Pine', 'Sweet', 'Tropical']","['Creative', 'Energizing', 'Euphoria', 'Happy', 'Relaxing']"
0,0.009,0.022,0.004,0.002,0,0,0.04,0,0.003,0.074,0.116,0.483,0,0.319,1.056,0.174,0.1,0,0,10.15,0,8.48,0,0.2,0,0,0,0,0.07,0.03,0.11,"['Blueberry', 'Earthy', 'Sweet', 'Woody']","['Berry', 'Blueberry', 'Herbal', 'Spicy', 'Sweet']","['Creative', 'Euphoria', 'Happy', 'Relaxing', 'Sleepy']"
0.026,0.003,0.007,0.006,0.004,0.005,0.004,0.069,0.006,0.618,0.165,0.132,0.055,0.02,0.348,0.342,0.099,0.174,0.011,0.001,0.49,0,20.38,0,0,0.05,0,0,0,0.79,0.08,0,"['Earthy', 'Grape', 'Lemon', 'Pungent', 'Sweet']","['Berry', 'Citrus', 'Grape', 'Sweet']","['Creative', 'Energizing', 'Euphoria', 'Focus', 'Happy', 'Relaxing', 'Uplifting']"
0,0.016,0.175,0.039,0,0.165,0,0.075,0,0.024,0.25,0.359,0.083,0,1.144,0.21,0.078,0.19,0,0,2.08,0,63.02,0.1,0,0.17,0,0,0,2.6,0.16,0.11,['Lemon'],"['Citrus', 'Lemon', 'Mint', 'Sweet', 'Tea']","['Cerebral', 'Creative', 'Energizing', 'Euphoria', 'Focus', 'Happy', 'Sociable']"
0.022,0,0.013,0.003,0.001,0.055,0.01,0.024,0.009,0.667,0.043,0.088,0.034,0.018,0.311,0.451,0.064,0.144,0.011,0.002,0.59,0,13.19,0,0,0.04,0,0,0,0.31,0.06,0,"['Earthy', 'Lemon', 'Lime', 'Sour']","['Cherry', 'Citrus', 'Lemon', 'Lime', 'Sweet', 'Tropical']","['Cerebral', 'Energizing', 'Euphoria', 'Uplifting']"
0,0.006,0.021,0,0.002,0,0,0.041,0.109,0.032,0.083,0.24,0.051,0,0.734,0.341,0.056,0.24,0,0,0.43,0,23.28,0,0,0.04,0,0,0,0.62,0.04,,"['Earthy', 'Pineapple', 'Pungent', 'Spicy']","['Pineapple', 'Spicy', 'Sweet', 'Tropical']","['Creative', 'Energizing', 'Euphoria', 'Happy', 'Sociable']"
0,0,0,0,0,0.034,0,0.034,0.048,0,0.032,0.098,0.005,0,0.367,0.876,0.017,0.123,0,0,0.52,0,22.71,0.03,0,0.08,0,0,0,0.7,0.07,0,"['Citrus', 'Earthy', 'Lemon', 'Pungent', 'Sweet']","['Citrus', 'Diesel', 'Lemon', 'Peppery', 'Skunky', 'Sweet']","['Euphoria', 'Happy', 'Relaxing', 'Sleepy']"
0.035,0.009,0.004,0.007,0.002,0.011,0,0.054,0.18,0.858,0.021,0.042,0.076,0.027,0.13,0.302,0.102,0.29,0.021,0.003,4.73,0,19.87,0,0,0.07,0,0,0,1.82,0.22,0.03,"['Citrus', 'Earthy', 'Herbal', 'Pineapple', 'Sage', 'Spicy']","['Herbal', 'Lemon', 'Pineapple', 'Sage', 'Sweet']","['Creative', 'Energizing', 'Euphoria', 'Focus', 'Uplifting']"
0,0.006,0.15,0.005,0.003,0.096,0,0.153,0.022,0.036,0.204,0.329,0.42,0,0.904,0.45,0.239,0.214,0.003,0,2.32,0,72.18,0,0,0.18,0,0,0,2.24,0.14,0,[],"['Berry', 'Blueberry', 'Sweet', 'Woody']","['Euphoria', 'Happy', 'Sleepy']"
0,0.006,0.021,0,0.001,0.002,0,0.095,0,0.005,0.088,0.281,0.022,0,0.684,0.244,0.04,0.275,0,0,0.58,0.02,21.86,0.01,0,0.07,0,0,0.03,2.13,0.07,0.06,"['Berry', 'Dank', 'Musky', 'Nutty', 'Spicy', 'Sweet']","['Candy', 'Sweet']","['Body High', 'Relaxing', 'Uplifting']"
0,0.005,0.022,0,0.001,0.01,0,0.129,0,0.004,0.062,0.292,0.014,0,0.739,0.064,0.027,0.114,0,0,0.74,0,19.28,0,0,0.05,0,0,0,1.12,0.06,0,"['Dank', 'Earthy', 'Pungent']","['Nutty', 'Sweet', 'Vanilla']","['Creative', 'Euphoria', 'Happy', 'Hungry', 'Sleepy', 'Sociable']"
0,0,0.002,0,0,0,0,0.047,0,0,0,0.044,0.238,0,0.12,1.002,0.084,0.093,0,0,0.45,0,0.19,0,0,11.89,4.74,0.15,0.43,0.34,0.16,0.3,"['Earthy', 'Floral', 'Herbal', 'Spicy', 'Sweet']","['Flowery', 'Herbal', 'Spicy', 'Sweet']","['Euphoria', 'Happy', 'Relaxing', 'Uplifting']"
0.141,0,0.242,0,0,0,0,0.238,0.14,0.394,0,0.867,0.12,0.17,2.017,0.263,0.195,0.229,0.167,0,1.16,0,79.69,0,0,0.3,0,0,0,2.41,0.4,0,"['Earthy', 'Kush', 'Lemon', 'Pine']","['Berry', 'Buttery', 'Cheesy', 'Citrus', 'Lemon', 'Pine', 'Sweet']","['Aroused', 'Euphoria', 'Happy', 'Mellow', 'Relaxing']"
0,0.008,0.006,0,0.001,0,0,0.078,0,0.002,0.018,0.082,0.028,0,0.219,0.303,0.052,0.243,0,0,0.4,0,23.72,0,0,0.06,0,0,0,1.65,0.17,0,"['Earthy', 'Herbal', 'Pine', 'Sweet']","['Fruity', 'Herbal', 'Nutty', 'Pine', 'Spicy']","['Body High', 'Hungry', 'Relaxing', 'Sleepy', 'Uplifting']"
0,0,0,0,0,0,0,0.234,0,0,0.074,0.333,0.027,0,1.171,0.367,0.054,0.426,0,0,0.63,0,17.92,0,0,0.05,0,0,0,1.31,0.06,0.01,"['Cherry', 'Earthy', 'Kush', 'Pungent']","['Berry', 'Cherry', 'Citrus', 'Fruity', 'Sweet', 'Tropical']","['Euphoria', 'Happy', 'Hungry', 'Relaxing', 'Sleepy']"
0,0,0,0,0,0.044,0,0.023,0,0,0,0.129,0.01,0,0.339,0.136,0.023,0.148,0,0,0.38,0.02,17.6,0.02,0,0.1,0,0,0,0.55,0.11,0.06,"['Citrus', 'Pine', 'Pungent', 'Sweet']","['Citrus', 'Pine', 'Spicy']","['Aroused', 'Euphoria', 'Focus', 'Happy', 'Relaxing', 'Sleepy']"
0.035,0,0,0,0,0.029,0,0,0.113,0.733,0,0,0.055,0.026,0.067,0.186,0.097,0.176,0,0,1.52,0,22.61,,0,0.05,0,0,0,2.13,0.14,0.04,"['Diesel', 'Earthy', 'Lemon', 'Lime', 'Woody']","['Citrus', 'Fruity', 'Lemon', 'Pineapple', 'Sweet']","['Creative', 'Euphoria', 'Giggly', 'Happy', 'Hungry', 'Relaxing']"
0,0.018,0,0,0,0,0,0.045,0,0,0,0.103,0.054,0,0.282,0.148,0.097,0.435,0,0,0.82,0,26.17,0,0,0.02,0,0,0,1.5,0.06,0,"['Candy', 'Earthy', 'Pungent', 'Sweet', 'Vanilla']","['Nutty', 'Sweet', 'Vanilla']","['Creative', 'Energizing', 'Euphoria', 'Happy', 'Relaxing', 'Uplifting']"
0,0,0.032,0,0,0,0,0.054,0,0.009,0.012,0.068,0.033,0,0.186,0.014,0.007,0,0,0,8.99,0.13,72.01,0.08,0.09,0.28,0,0,0,2.4,0.54,0.24,"['Citrus', 'Earthy', 'Flowery', 'Herbal', 'Orange', 'Sour']","['Chocolate', 'Citrus', 'Flowery', 'Lime', 'Sour']","['Body High', 'Calming', 'Cerebral', 'Relaxing', 'Uplifting']"
0,0.01,0.007,0,0.003,0.133,0,0.139,0.002,0.011,0.037,0.092,0.037,0,0.313,0.111,0.057,0.343,0.001,0,1.12,0,19.92,0,0,0.05,0,0,0,0.53,0.12,0,"['Blueberry', 'Earthy', 'Fruity', 'Herbal']","['Berry', 'Citrus', 'Fruity', 'Sweet']","['Creative', 'Happy', 'Relaxing', 'Sociable', 'Uplifting']"
0,0.009,0.017,0,0.002,0.002,0,0.139,0.001,0.01,0.11,0.295,0.036,0,0.982,0.344,0.071,0.433,0.001,0,0.9,0.02,19.5,0.02,0,0.08,0,0,0,0.21,0.06,0.06,"['Caramel', 'Earthy', 'Pungent', 'Sweet']","['Candy', 'Caramel', 'Sweet', 'Vanilla']","['Body High', 'Euphoria', 'Happy', 'Relaxing', 'Sleepy']"
0,0.009,0.01,0.002,0,0,0,0.064,0,0.003,0.041,0.068,0.545,0,0.198,0.736,0.236,0.078,0,0,0.72,0,23.89,0,0,0.09,0,0,0,0.18,0.06,0,"['Floral', 'Herbal', 'Sweet']","['Berry', 'Citrus', 'Spicy', 'Sweet', 'Tropical']","['Body High', 'Creative', 'Energizing', 'Euphoria', 'Happy', 'Uplifting']"
0,0.005,0.014,0,0,0.099,0,0.077,0.038,0,0.077,0.244,0.036,0,0.586,0.48,0.05,0.1,0,0,1.59,0.01,20.19,0.06,0,0.07,0,0,0,0.5,0.05,0.02,"['Citrus', 'Diesel', 'Lemon', 'Pine', 'Pungent']","['Citrus', 'Diesel', 'Herbal', 'Lime', 'Pine', 'Spicy', 'Sweet']","['Giggly', 'Happy', 'Hungry', 'Relaxing', 'Sleepy']"
0,0.011,0.013,0,0,0,0,0.166,0,0.008,0.093,0.288,0.048,0,0.786,0.722,0.094,0.484,0,0,0.74,0,29.59,0,0,0.1,0,0,0,1.5,0.05,0,"['Earthy', 'Herbal', 'Nutty', 'Pungent', 'Spicy']","['Herbal', 'Nutty', 'Spicy', 'Vanilla']","['Body High', 'Happy', 'Relaxing', 'Sleepy', 'Uplifting']"
0,0,0.05,0,0.015,0.106,0,0.011,0.006,0,0.216,0.033,0.005,0,0.097,0.035,0.003,0.004,0,0,4.95,0,64.73,0,0,0.17,0,0,0,3.32,0.21,0.06,"['Earthy', 'Herbal', 'Kush', 'Lemon', 'Sweet']","['Citrus', 'Lemon', 'Spicy', 'Sweet']","['Creative', 'Energizing', 'Euphoria', 'Happy', 'Relaxing', 'Uplifting']"
0,0.023,0.116,0.002,0,0.29,0,0.274,0.011,0.053,0.206,0.892,0.189,0,2.214,0.69,0.209,1.178,0.002,0,4.85,0,71.38,0,0,0.16,0,0,0,1.04,0.16,0,"['Blueberry', 'Cherry', 'Earthy', 'Sweet']","['Berry', 'Cherry', 'Sweet']","['Creative', 'Euphoria', 'Happy', 'Relaxing']"
0.025,0,0,0,0,0.0636,0,0.0199,0.0741,0.451,0,0.0661,0.16,0,0.17,0.573,0.101,0.0807,0,0,0.13,0,0.5,0,0,13.9,0.52,0.09,0.8,0.58,0,0.07,"['Earthy', 'Herbal', 'Lemon', 'Spicy', 'Woody']","['Citrus', 'Herbal', 'Pine', 'Sweet']","['Happy', 'Relaxing', 'Uplifting']"
0,0.011,0.003,0,0.001,0,0,0.075,0.001,0.007,0,0.074,0.045,0,0.192,1.583,0.091,0.493,0,0,0.43,0,24.35,0,0,0.09,0,0,0,0.5,0.18,0,"['Citrus', 'Pungent', 'Skunky', 'Sour', 'Sweet']","['Citrus', 'Orange', 'Sweet']","['Euphoria', 'Happy', 'Relaxing', 'Sleepy']"
0,0.01,0.055,0,0,0.095,0,0.104,0.04,0.357,0.255,0.533,0.397,0,1.834,1.001,0.244,0.585,0,0,1.75,0,74.56,0,0,0.17,0,0,0,2.69,0.19,0,"['Citrus', 'Earthy', 'Herbal', 'Orange', 'Sour', 'Spicy']","['Citrus', 'Herbal', 'Orange', 'Spicy']","['Body High', 'Energizing', 'Relaxing', 'Uplifting']"
0,0.004,0.04,0,0.001,0.002,0,0.035,0.423,0.001,0.015,0.278,0.163,0,0.721,2.151,0.077,0.074,0,0,0.67,0.03,15.74,0.01,0,0.06,0,0,0,0.35,0.04,0.04,"['Earthy', 'Herbal', 'Pineapple', 'Sweet']","['Fruity', 'Herbal', 'Pineapple', 'Spicy', 'Sweet', 'Tropical']","['Creative', 'Energizing', 'Euphoria', 'Focus', 'Happy', 'Sociable']"
0,0.005,0.027,0,0.002,0.163,0,0.109,0,0,0.069,0.15,0.019,0,0.487,0.011,0.031,0.199,0,0,0.44,0,19.19,0,0,0.04,0,0,0,0.68,0.06,0,"['Dank', 'Earthy', 'Grape', 'Pungent', 'Spicy', 'Sweet']","['Berry', 'Fruity', 'Grape', 'Sour', 'Spicy', 'Sweet']","['Body High', 'Calming', 'Cerebral', 'Relaxing', 'Tingly', 'Uplifting']"
0,0.012,0.01,0,0.001,0,0,0.139,0.001,0.006,0.031,0.158,0.039,0,0.433,0.132,0.07,0.362,0,0,0.42,0,23,0,0,0.06,0,0,0,0.57,0.08,0,"['Earthy', 'Pine']","['Berry', 'Candy', 'Fruity', 'Herbal', 'Spicy', 'Sweet']","['Body High', 'Creative', 'Energizing', 'Euphoria', 'Happy', 'Uplifting']"
0,0.015,0.045,0,0,0,0,0.28,0.107,0,0.364,0.336,0.285,0,0.78,0.329,0.162,0.167,0,0,3.23,0,70.78,0.11,0,0.15,0,0,0,4.02,0.66,0.12,"['Bubble Gum', 'Earthy', 'Fruity', 'Mango', 'Pineapple']","['Bubble Gum', 'Pine', 'Sweet', 'Tropical', 'Woody']","['Creative', 'Energizing', 'Euphoria', 'Happy', 'Uplifting']"
0.023,0,0.017,0.004,0,0.002,0.004,0.013,0.112,0.476,0.006,0.136,0.04,0.012,0.332,0.069,0.063,0.058,0.008,0.001,1.01,0,15.48,0,0,0.08,0,0,0,0.96,0.17,0,"['Earthy', 'Lemon', 'Spicy', 'Sweet', 'Woody']","['Herbal', 'Lemon', 'Pine', 'Spicy', 'Sweet', 'Woody']","['Body High', 'Cerebral', 'Creative', 'Euphoria', 'Happy']"
0.042,0.006,0,0,0,0.056,0,0.072,0,0.409,0,0.035,0.056,0.039,0.055,0.158,0.072,0.13,0,0,1.24,0,17.11,0,0,0.11,0,0,0,0.15,0.05,0,"['Diesel', 'Earthy', 'Fruity', 'Pungent', 'Skunky']","['Apple', 'Berry', 'Citrus', 'Fruity', 'Nutty', 'Pine']","['Creative', 'Euphoria', 'Focus', 'Happy', 'Uplifting']"
0,0,0,0,0,0,0,0.071,0,0,0,0.04,0.66,0,0.148,1.252,0.315,0.095,0,0,1.7,0,16.09,0,0,0.05,0,0,0,0.17,0.04,0.03,"['Citrus', 'Grapefruit', 'Pungent', 'Sour', 'Sweet']","['Citrus', 'Grapefruit', 'Sweet', 'Tangy', 'Tropical']","['Creative', 'Energizing', 'Euphoria', 'Happy']"
0,0.009,0.122,0,0,0.038,0,0.317,0.019,0,0.245,0.672,0.2,0,1.905,0.705,0.164,0.65,0,0,3.35,0,67.7,0,0,0.18,0,0,0,1.87,0.28,0,"['Earthy', 'Herbal', 'Spicy']","['Herbal', 'Menthol', 'Nutty', 'Spicy', 'Sweet']","['Creative', 'Euphoria', 'Happy', 'Hungry', 'Uplifting']"
0,0.007,0.007,0,0,0,0.003,0.052,0,0.005,0.036,0.097,0.279,0,0.262,0.615,0.136,0.126,0,0,0.49,0,19.69,0,0,0.05,0,0,0,0.48,0.04,0,"['Blueberry', 'Earthy', 'Sweet', 'Woody']","['Blueberry', 'Pine', 'Skunky', 'Sweet']","['Aroused', 'Creative', 'Euphoria', 'Focus', 'Happy', 'Relaxing', 'Sleepy']"
0,0.014,0.007,0,0,0.053,0,0.197,0,0.033,0.002,0.065,0.045,0,0.141,1.24,0.083,0.256,0,0,0.3,0,33.37,0,0,0.08,0,0,0,0.74,0.16,0,"['Citrus', 'Diesel', 'Pungent', 'Skunky', 'Spicy', 'Sweet']","['Citrus', 'Creamy', 'Diesel', 'Nutty', 'Skunky', 'Sour']","['Creative', 'Energizing', 'Euphoria', 'Focus', 'Sleepy', 'Uplifting']"
0,0.011,0.012,0.004,0,0.051,0,0.108,0.009,0.004,0.012,0.113,0.069,0,0.323,0.232,0.086,0.494,0,0,0.84,0,20.97,0,0,0.07,0,0,0,0.44,0.09,0,"['Fruity', 'Skunky']","['Chemical', 'Nutty', 'Sweet', 'Woody']","['Energizing', 'Euphoria', 'Focus', 'Happy']"
0,0.011,0,0,0,0.107,0,0.179,0,0.002,0,0.044,0.035,0,0.164,0.055,0.061,0.336,0,0,1.18,0,24.26,0,0,0.04,0,0,0.02,0.63,0.06,0,"['Citrus', 'Earthy', 'Flowery', 'Sour', 'Spicy']","['Citrus', 'Flowery', 'Fruity', 'Sour', 'Sweet']","['Body High', 'Cerebral', 'Euphoria', 'Relaxing', 'Sleepy', 'Uplifting']"
0,0.009,0.021,0,0,0.094,0,0.043,0.02,0.026,0.049,0.121,0.218,0,0.369,0.852,0.099,0.139,0,0,1.4,0.01,19.84,0.06,0,0.07,0,0,0,0.2,0.07,0.02,"['Berry', 'Fruity', 'Pine', 'Spicy']","['Berry', 'Pine', 'Spicy', 'Sweet']","['Body High', 'Relaxing', 'Uplifting']"
0,0.002,0.018,0,0,0,0,0.035,0.115,0,0.056,0.107,0.13,0,0.364,0.729,0.039,0.043,0,0,0.59,0,17.52,0,0,0.03,0,0,0,0.6,0.05,0.02,"['Fruity', 'Pungent', 'Skunky', 'Sweet']","['Coffee', 'Fruity', 'Nutty', 'Peppery', 'Sweet', 'Tobacco', 'Woody']","['Creative', 'Energizing', 'Giggly', 'Happy', 'Uplifting']"
0.006,0,0,0,0.003,0.05,0,0.008,0.112,0.266,0.004,0.009,0.018,0,0.036,0.103,0.028,0.074,0,0,0.42,0,13.51,0.03,0,0.07,0,0,0,1.12,0.05,0,"['Citrus', 'Earthy', 'Orange', 'Spicy', 'Sweet']","['Citrus', 'Creamy', 'Orange', 'Sweet', 'Vanilla']","['Creative', 'Euphoria', 'Happy', 'Relaxing']"
0,0.018,0.197,0.049,0.111,0.611,0,0.641,0.16,0.156,1.662,0.638,0.12,0,2.077,1.161,0.162,0.34,0,0,4.92,0,69.23,0.24,0,0.18,0,0,0,1.42,0.31,0.04,"['Citrus', 'Lemon']","['Citrus', 'Diesel', 'Herbal', 'Lemon', 'Pine', 'Spicy', 'Sweet']","['Creative', 'Energizing', 'Euphoria', 'Focus', 'Happy']"
0,0.017,0.116,0.006,0.003,0.036,0,0.076,0.04,0.025,0.125,0.215,0.295,0,0.626,0.366,0.229,0.439,0.003,0,2.68,0,75.22,0,0,0.3,0,0,0,1.84,0.16,0,"['Cheese', 'Chocolate', 'Earthy', 'Herbal', 'Spicy']","['Cheesy', 'Chocolate', 'Fruity', 'Spicy', 'Sweet']","['Body High', 'Creative', 'Euphoria', 'Giggly', 'Relaxing', 'Sociable', 'Uplifting']"
0,0.019,0.019,0,0.01,0.519,0,0.611,0.002,0.008,0.081,0.105,0.065,0,0.309,0.264,0.133,0.906,0,0,0.71,0,80.07,0,0,0.11,0,0,0,1.09,0.53,0,"['Earthy', 'Fruity', 'Pungent', 'Sweet']","['Citrus', 'Fruity', 'Herbal', 'Peppery', 'Spicy', 'Sweet']","['Creative', 'Euphoria', 'Happy', 'Relaxing']"
0,0.023,0,0,0.006,0,0,0.057,0,0.016,0,0.136,0.055,0,0.46,0.319,0.09,0.573,0,0,0.76,0,26.38,0,0,0.07,0,0,0,0.68,0.11,0,['Sweet'],"['Citrus', 'Herbal', 'Lemon', 'Pineapple', 'Spicy', 'Sweet']","['Creative', 'Energizing', 'Euphoria', 'Giggly', 'Happy']"
0,0.019,0,0.004,0,0,0,0.069,0.035,0.011,0,0.045,0.265,0,0.133,0.386,0.069,0.071,0,0,0.64,0,21.86,0,0,0.06,0,0,0,0.48,0.17,0.03,"['Citrus', 'Earthy', 'Grape', 'Musky', 'Spicy']","['Berry', 'Grape', 'Lemon', 'Spicy', 'Sweet', 'Tropical']","['Creative', 'Euphoria', 'Happy', 'Hungry', 'Relaxing']"
0,0,0,0,0,0,0,0.03,0,0,0,0.07,0.245,0,0.166,0.077,0.069,0.045,0,0,0.38,0,17.24,0,0,,0,0,0,1.02,0.07,0,"['Citrus', 'Earthy', 'Fruity', 'Pine', 'Spicy']","['Berry', 'Herbal', 'Lemon', 'Spicy', 'Strawberry', 'Sweet']","['Body High', 'Cerebral', 'Energizing', 'Euphoria', 'Sleepy', 'Uplifting']"
0,0,0,0,0,0,0,0.037,0,0,0.029,0.141,0.01,0,0.385,0.161,0.02,0.173,0,0,0.8,0,20.03,0.01,0,0.1,0,0,0,1.84,0.07,0.06,"['Earthy', 'Nutty', 'Pungent', 'Spicy', 'Sweet', 'Vanilla']","['Cherry', 'Lemon', 'Nutty']","['Cerebral', 'Hungry']"
0,0.008,0.025,0,0.01,0,0,0.188,0.008,0.024,0.126,0.432,0.034,0,1.008,0.225,0.057,0.314,0,0,0.48,0,23.3,0,0,0.07,0,0,0,0.62,0.11,,"['Diesel', 'Earthy', 'Pungent', 'Skunky', 'Sour']","['Diesel', 'Pine', 'Skunky', 'Sour']","['Cerebral', 'Euphoria', 'Happy', 'Relaxing', 'Sleepy', 'Uplifting']"
0.042,0,0,0,0,0,0,0.023,0.1,0.805,0,0.073,0.067,0.029,0.187,0.132,0.101,0.099,0.021,0,0.76,0,20.41,0,0,0.01,0,0,0,1.08,0.13,0,"['Earthy', 'Fruity', 'Herbal', 'Sweet']","['Fruity', 'Herbal', 'Sweet', 'Woody']","['Body High', 'Hungry', 'Relaxing', 'Sleepy', 'Uplifting']"
0,0.012,0.013,0,0,0,0,0.047,0,0.01,0,0.059,0.309,0,0.131,1.277,0.153,0.149,0,0,0.43,0,15.47,0.02,0,0.05,0,0,0,0.73,0.04,0,"['Earthy', 'Mint', 'Pungent']","['Lemon', 'Mint', 'Pine', 'Sage', 'Sweet']","['Energizing', 'Euphoria', 'Focus', 'Giggly', 'Happy', 'Uplifting']"
0,0.023,0.019,0,0.035,0.031,0,0.293,0,0.033,0.07,0.245,0.07,0,0.551,0.251,0.11,0.459,0,0,0.48,0,15.54,0.02,0,0.06,0,0.01,0.02,0.26,0.04,0.07,"['Diesel', 'Earthy', 'Herbal', 'Pungent', 'Spicy']","['Diesel', 'Herbal', 'Sour', 'Sweet']","['Cerebral', 'Creative', 'Energizing', 'Euphoria', 'Uplifting']"
0.003,0.008,0.125,0,0.006,0,0,0.115,0.01,0.103,0.182,0.418,0.029,0.003,1.208,0.094,0.052,0.298,0.004,0,12.46,0,60.65,0,0.19,0.16,0,0,0,2.12,0.51,0.12,"['Dank', 'Earthy', 'Pine', 'Skunky', 'Sour']","['Spicy', 'Sweet', 'Woody']","['Body High', 'Cerebral', 'Relaxing', 'Uplifting']"
0,0,0.082,0,0,0.062,0,0.147,0.029,0,0.138,0.2,0.42,0,0.566,0.542,0.23,0.262,0,0,1.81,0,82.93,0,0,0.19,0,0,0,2.62,0.19,0,"['Earthy', 'Kush', 'Lemon', 'Pine', 'Sweet']","['Berry', 'Blueberry', 'Citrus', 'Dank', 'Grapefruit', 'Pine', 'Sweet']","['Cerebral', 'Creative', 'Energizing', 'Euphoria', 'Focus', 'Happy', 'Relaxing', 'Uplifting']"
0,0.022,0,0,0,0,0,0.085,0.029,0.005,0,0.046,0.185,0,0.184,0.175,0.179,0.564,0,0,0.46,0,23.77,0,0,0.05,0,0,0,0.55,0.16,0,"['Earthy', 'Fruity', 'Herbal', 'Spicy', 'Sweet']","['Fruity', 'Nutty', 'Spicy', 'Sweet']","['Body High', 'Hungry', 'Relaxing', 'Sleepy', 'Uplifting']"
0,0,0.114,0.007,0,0.099,0.008,0.105,0,0,0.355,0.383,0.008,0,1.084,0.012,0,0,0,0,2.31,0.09,72.93,0.07,0,0.23,0,0,0,2.09,0.2,0.1,"['Citrus', 'Earthy', 'Floral', 'Pine', 'Sweet']","['Citrus', 'Fruity', 'Sour', 'Sweet']","['Creative', 'Euphoria', 'Happy', 'Uplifting']"
0,0,0,0,0,0,0,0.309,0,0.01,0.297,0.736,0.062,0,1.806,0.415,0.107,0.9,0,0,5.53,0,69.66,0,0,0.18,0,0,0,0.83,0.28,0.08,"['Diesel', 'Earthy', 'Lemon', 'Pungent', 'Sweet']","['Diesel', 'Lemon', 'Sweet', 'Tangy']","['Creative', 'Euphoria', 'Happy', 'Relaxing']"
0,0.006,0.01,0,0.002,0.017,0,0.123,0.001,0.005,0.086,0.233,0.024,0,0.773,0.173,0.041,0.272,0,0,2.23,0,21.24,0,0,0.1,0,0,0,0.65,0.06,0.05,"['Citrus', 'Earthy', 'Lemon', 'Pine', 'Skunky']","['Citrus', 'Lemon', 'Nutty', 'Pine', 'Skunky', 'Woody']","['Energizing', 'Euphoria', 'Happy', 'Hungry', 'Relaxing', 'Sociable', 'Uplifting']"
0,0.012,0.012,0,0.003,0,0,0.065,0.059,0.006,0.035,0.063,0.084,0,0.203,0.194,0.091,0.407,0,0,0.73,0,13.46,0,0,0.04,0,0,0,0.21,0.16,0,"['Herbal', 'Kush', 'Pungent', 'Spicy', 'Sweet']","['Herbal', 'Spicy', 'Sweet']","['Body High', 'Relaxing', 'Sleepy']"
0,0.016,0.012,0,0,0.005,0,0.069,0,0.014,0.085,0.168,0.061,0,0.546,0.766,0.11,0.663,0,0,0.97,0.01,25.35,0.03,0,0.07,0,0,0,0.39,0.05,0,['Sweet'],"['Pine', 'Sweet', 'Woody']","['Euphoria', 'Focus', 'Happy', 'Relaxing', 'Sleepy']"
0,0,0,0,0,0,0,0.062,0,0,0,0.142,0.015,0,0.38,0.233,0.029,0.224,0,0,0.88,0,21.5,0.01,0,0.07,0,0,0,0.94,0.12,0.07,"['Berry', 'Earthy', 'Fruity', 'Kush', 'Pungent', 'Skunky']","['Berry', 'Herbal', 'Spicy', 'Sweet']","['Body High', 'Cerebral', 'Relaxing', 'Sleepy']"
0,0.015,0,0,0.021,0,0,0.06,0.052,0,0.014,0.075,0.084,0,0.241,0.118,0.112,0.592,0,0,1.34,0,23.93,0,0,0.02,0,0,0,0.66,0.3,0,"['Citrus', 'Diesel', 'Earthy', 'Fuel', 'Pine', 'Spicy']","['Citrus', 'Diesel', 'Fruity', 'Lemon', 'Sour', 'Sweet']","['Cerebral', 'Euphoria', 'Focus', 'Happy', 'Sleepy']"
0,0.015,0.079,0,0,0,0,0.13,0,0.012,0.003,0.132,0.042,0,0.431,0.043,0.077,0.216,0,0,4.87,0.13,68.88,0.06,0,0.25,0,0.03,0,0.48,0.28,0.22,"['Fruity', 'Skunky']","['Fruity', 'Sweet', 'Tropical', 'Woody']","['Body High', 'Euphoria', 'Happy', 'Relaxing', 'Sleepy']"
0,0,0.157,0,0,0.102,0,0.108,0.033,0.042,0.094,0.409,0.194,0,1.064,0.602,0.109,0.299,0,0,4.22,0,63.33,0,0,4.71,0.19,0,0.15,1.29,0.21,0.07,"['Earthy', 'Kush', 'Pine', 'Sour']","['Fruity', 'Pineapple', 'Spicy', 'Tropical']","['Creative', 'Hungry']"
0,0,0,0,0,0,0,0.032,0.079,0,0,0.108,0.421,0,0.259,0.942,0.182,0.11,0,0,1.51,0,14.75,0,0,0.02,0,0,0,0.17,0.05,0,"['Berry', 'Earthy', 'Flowery', 'Herbal', 'Spicy']","['Berry', 'Flowery', 'Fruity', 'Spicy', 'Sweet']","['Euphoria', 'Happy', 'Hungry', 'Relaxing', 'Sleepy', 'Uplifting']"
0,0.023,0.132,0,0,0,0.089,0.407,0,0,0.622,0.23,0.082,0,0.798,0.453,0.229,0.274,0,0,83.56,0,0.2,1.18,0.75,0,0.23,0,0,0,1.63,2.67,"['Earthy', 'Kush', 'Pungent', 'Skunky', 'Spicy', 'Woody']","['Skunky', 'Spicy', 'Woody']","['Body High', 'Cerebral', 'Creative', 'Euphoria', 'Happy', 'Relaxing', 'Sleepy']"
0,0.024,0,0,0.002,0.002,0,0.02,0.027,0.029,0.004,0.123,0.203,0,0.404,0.172,0.2,0.604,0,0,0.42,0,27.15,0,0,0.06,0,0,0,0.4,0.34,0,"['Earthy', 'Sweet']","['Fruity', 'Sweet', 'Tropical', 'Woody']","['Body High', 'Creative', 'Euphoria', 'Happy', 'Relaxing', 'Sleepy']"
0,0.014,0.012,0,0.001,0.101,0,0.125,0.072,0.007,0.047,0.127,0.091,0,0.444,0.064,0.104,0.628,0,0,1.22,0.03,15.06,0.04,0,0.05,0,0,0,0.25,0.14,0.05,"['Blueberry', 'Earthy', 'Orange', 'Sweet']","['Berry', 'Citrus', 'Lavender', 'Sweet', 'Woody']","['Creative', 'Euphoria', 'Focus', 'Happy', 'Relaxing']"
0,0.002,0.008,0,0,0.006,0,0.014,0.207,0,0.018,0.027,0.183,0,0.091,0.402,0.056,0.024,0,0,3.35,0,7.96,0.02,0,0.04,0,0,0,2.74,0.34,0,"['Earthy', 'Kush', 'Pineapple', 'Pungent', 'Sweet']","['Citrus', 'Pineapple', 'Sweet', 'Tropical']","['Creative', 'Energizing', 'Euphoria', 'Happy', 'Relaxing']"
0,0,0,0,0,0.019,0,0.03,0,0,0,0,0.224,0,0.059,0.119,0.098,0.043,0,0,0.52,0,16.89,0,0,0.02,0,0,0,0.42,0.12,0,"['Blueberry', 'Earthy', 'Fruity', 'Skunky', 'Sweet']","['Citrus', 'Pine', 'Sweet', 'Woody']","['Creative', 'Energizing', 'Euphoria', 'Happy', 'Sociable', 'Uplifting']"
0,0.006,0.005,0,0.002,0,0.002,0.059,0,0.004,0.01,0.074,0.023,0,0.229,0.785,0.046,0.211,0,0,0.85,0,25.98,0.02,0,0.09,0,0,0,0.38,0.14,0,"['Diesel', 'Earthy']","['Chemical', 'Spicy']","['Cerebral', 'Creative', 'Happy', 'Relaxing']"
0,0,0.003,0.006,0,0.026,0,0.005,0.013,0,0.024,0.024,0.002,0,0.059,0.5,0.007,0.005,0.001,0,2.25,0,13.02,0,0.02,0.05,0,0,0,0.17,0.02,0.04,"['Earthy', 'Grape', 'Pine', 'Pungent', 'Spicy']","['Grape', 'Herbal', 'Pine', 'Sweet', 'Woody']","['Euphoria', 'Happy', 'Hungry', 'Relaxing', 'Sleepy']"
0,0,0,0,0,0,0,1.146,0,0,0,0.107,0.617,0,0.794,0.791,0.159,2.203,0,0,73.8,0,0,0.57,2.51,0,2.89,0,0,0,3.58,2.01,"['Citrus', 'Earthy', 'Orange', 'Sweet']","['Citrus', 'Herbal', 'Spicy', 'Sweet', 'Woody']","['Cerebral', 'Creative', 'Energizing', 'Euphoria', 'Sociable', 'Uplifting']"
0.05,0,0.01,0.011,0,0,0,0,0.146,0.745,0,0.119,0.065,0.046,0.284,0.109,0.085,0.094,0,0,1.09,0,21.74,0.01,0,0.08,0,0,0,1.05,0.16,0,['Earthy'],"['Herbal', 'Spicy', 'Sweet', 'Woody']","['Energizing', 'Euphoria', 'Focus', 'Happy']"
0,0.049,0.009,0,0,0,0,0.602,0.002,0.047,0.112,0.298,0.177,0,1.003,1.004,0.343,2.276,0.001,0,0.75,0,72.23,0,0,0.12,0,0,0,3.29,0.24,0,"['Diesel', 'Herbal', 'Pine', 'Pungent']","['Citrus', 'Diesel', 'Pine', 'Sweet']","['Aroused', 'Happy', 'Relaxing', 'Sleepy', 'Uplifting']"
0,0.014,0.015,0,0,0,0,0.084,0,0,0,0.115,0.552,0,0.413,0.964,0.239,0.154,0,0,0.78,0,17.89,0,0,0.07,0,0,0,0.45,0.06,0,"['Berry', 'Earthy', 'Lemon', 'Nutty', 'Woody']","['Berry', 'Lemon', 'Mint', 'Pine']","['Creative', 'Relaxing', 'Uplifting']"
0,0.011,0.01,0,0,0.044,0,0.052,0,0.011,0,0.119,0.022,0,0.306,0.24,0.036,0.206,0,0,0.11,0,10.49,0.01,0,0.04,0,0,0,0.15,0.01,0.02,"['Blueberry', 'Earthy', 'Fruity', 'Spicy', 'Sweet']","['Berry', 'Fruity', 'Grape', 'Spicy', 'Sweet']","['Energizing', 'Euphoria', 'Sociable']"
0,0,0.15,0,0,0.261,0,0.164,0.026,0.031,0.352,0.379,0.239,0,0.975,0.207,0.101,0.187,0,0,3.4,0,66.26,0.12,0.07,0.55,0.02,0,0,4.77,0.29,0,"['Earthy', 'Lemon', 'Pine', 'Pungent', 'Woody']","['Lemon', 'Spicy', 'Woody']",['Sleepy']
0,0,0,0,0,0,0,0.101,0.166,0,0,0.069,0.26,0,0.222,1.673,0.091,0.147,0,0,1.58,0,25.4,0,0,0.03,0,0,0,1.24,0.13,0,"['Berry', 'Earthy', 'Fruity', 'Herbal', 'Pine', 'Spicy']","['Fruity', 'Herbal', 'Spicy', 'Sweet']","['Euphoria', 'Happy', 'Hungry', 'Relaxing', 'Uplifting']"
0,0.013,0.007,0,0.006,0,0,0.111,0,0.003,0.035,0.068,0.045,0,0.224,0.237,0.08,0.315,0,0,1.6,0,17.23,0,0,0,0,0,0,0.55,0,0,"['Earthy', 'Grassy', 'Herbal']","['Herbal', 'Pine', 'Skunky', 'Spicy', 'Sweet']","['Euphoria', 'Happy', 'Relaxing']"
0.043,0.009,0.003,0.006,0.004,0.003,0,0.112,0.013,1.085,0.08,0.062,0.091,0.03,0.211,0.812,0.173,0.409,0.018,0,1.24,0,29.14,0,0,0.07,0,0,0,0.86,0.14,0,"['Citrus', 'Earthy', 'Herbal', 'Spicy', 'Sweet']","['Citrus', 'Sour', 'Spicy', 'Sweet']","['Cerebral', 'Creative', 'Relaxing', 'Uplifting']"
0,0.007,0.005,0.007,0,0.008,0,0.057,0,0,0.057,0.125,0.029,0,0.279,0.058,0.044,0.232,0,0,0.65,0,16.13,0,0,0.05,0,0,0,0.23,0.08,0.01,"['Cheese', 'Earthy', 'Pungent', 'Sour', 'Sweet']","['Cheesy', 'Creamy', 'Sweet']","['Body High', 'Euphoria', 'Happy', 'Relaxing']"
0,0.012,0.166,0.027,0.019,0,0,0.47,0.011,0.013,0.523,0.562,0.096,0,1.419,0.261,0.109,0.489,0,0,4.6,0,67.65,0,0.05,0.9,0,0,0,1.47,0.19,0.06,"['Citrus', 'Earthy', 'Lemon', 'Pungent', 'Sour']","['Lemon', 'Tangy']","['Creative', 'Energizing', 'Focus', 'Happy', 'Relaxing']"
0,0,0,0,0,0,0,0.077,0.021,0,0,0.141,0.072,0,0.403,0.39,0.062,0.294,0,0,76.4,0.57,0.22,0.53,3.46,0.07,0.3,0,0,0,2.47,0.09,"['Dank', 'Diesel', 'Sweet']","['Candy', 'Citrus', 'Dank', 'Diesel', 'Skunky', 'Sweet']","['Creative', 'Energizing', 'Euphoria', 'Happy', 'Uplifting']"
0,0.022,0.008,0,0.034,0,0,0,0,0.036,0.018,0.14,0.07,0,0.391,0.093,0.107,0.501,0,0,0.43,0,21.59,0.02,0,0.04,0,0,0,0.49,0.12,0,"['Citrus', 'Earthy', 'Lemon', 'Pine', 'Woody']","['Citrus', 'Herbal', 'Lemon', 'Pine']","['Energizing', 'Euphoria', 'Happy', 'Hungry', 'Relaxing', 'Uplifting']"
0,0.011,0.033,0,0,0,0,0.155,0,0.007,0.136,0.52,0.038,0,1.3,0.211,0.078,0.585,0,0,0.8,0,23.24,0,0,0.05,0,0,0,1.72,0.09,0.04,"['Berry', 'Earthy', 'Pine', 'Sweet']",['Sweet'],"['Cerebral', 'Uplifting']"
0,0.011,0.011,0,0,0,0,0.082,0,0.034,0.042,0.114,0.036,0,0.317,0.201,0.064,0.295,0,0,0.31,0,18.18,0.01,0,0.05,0,0,0,1.12,0.04,0.01,"['Earthy', 'Pine', 'Woody']","['Citrus', 'Pine', 'Sweet', 'Woody']","['Creative', 'Euphoria', 'Focus', 'Happy']"
0,0.017,0.008,0,0.014,0.003,0,0.153,0.001,0.015,0.044,0.112,0.066,0,0.358,0.717,0.124,0.534,0,0,0.52,0,23.47,0,0,0.05,0,0,0,0.6,0.12,0,"['Chemical', 'Earthy', 'Fruity', 'Harsh', 'Sweet', 'Vanilla']","['Buttery', 'Chemical', 'Creamy', 'Fruity', 'Sweet']","['Aroused', 'Giggly', 'Happy', 'Hungry', 'Relaxing']"
0,0,0,0,0,0,0,0.073,0,0,0.034,0.329,0.016,0,0.89,0.226,0.031,0.198,0,0,1.25,0,24.15,0,0,0.06,0,0,0,2.09,0.07,0.01,"['Earthy', 'Herbal', 'Nutty', 'Pungent', 'Sour']","['Herbal', 'Nutty', 'Sour', 'Spicy', 'Sweet']","['Body High', 'Euphoria', 'Happy', 'Relaxing', 'Sleepy']"
0,0.008,0.039,0,0.002,0,0,0.112,0.022,0.004,0.216,0.25,0.045,0,0.784,0.032,0.064,0.395,0,0,0.39,0,20.44,0,0,0.04,0,0,0,2.11,0.07,0,"['Diesel', 'Earthy', 'Fuel', 'Grape', 'Pungent', 'Spicy']","['Diesel', 'Fruity', 'Grape', 'Spicy', 'Sweet', 'Vanilla']","['Energizing', 'Focus', 'Happy', 'Relaxing', 'Sociable', 'Uplifting']"
0,0,0,0.004,0,0.039,0,0.018,0.223,0,0.046,0.063,0.042,0,0.17,1.187,0.014,0.007,0,0,1.23,0,16.82,0.04,0,0.06,0,0,0,0.85,0.07,0.04,['Dank'],['Spicy'],['Relaxing']
0.049,0.006,0.006,0.007,0,0.07,0.008,0.031,0.112,1.176,0.029,0.117,0.22,0.034,0.316,0.526,0.208,0.3,0.016,0,0.48,0,27.65,0,0,0.07,0,0,0,0.75,0.1,0,"['Citrus', 'Dank', 'Earthy', 'Lemon', 'Sweet']","['Citrus', 'Lemon', 'Sweet', 'Tropical']","['Creative', 'Energizing', 'Euphoria', 'Happy', 'Uplifting']"
0,0.023,0.006,0,0.02,0.002,0.004,0.242,0.002,0.011,0.073,0.098,0.079,0,0.296,0.832,0.162,0.909,0,0,1.04,0,26.65,0,0,0.06,0,0,0,0.46,0.13,0,"['Chemical', 'Diesel', 'Earthy', 'Pine', 'Pungent', 'Spicy']","['Chemical', 'Pine']","['Relaxing', 'Sleepy']"
0,0,0,0,0,0,0,0.007,0,0,0.059,0.124,0,0,0.455,1.07,0.012,0.048,0,0,1.07,0,19.51,0,0,0.06,0,0,0,0.9,0.15,0,"['Berry', 'Earthy', 'Fruity', 'Pine', 'Skunky', 'Woody']","['Berry', 'Fruity', 'Pine', 'Sour', 'Sweet', 'Woody']","['Energizing', 'Euphoria', 'Focus', 'Motivation', 'Tingly', 'Uplifting']"
0,0,0,0,0,0,0,0.051,0,0,0.2,0.098,0,0,0.188,0.017,0.004,0.045,0,0,89.42,0,,0,0.27,0,0.19,0,0,0,1.16,0,"['Citrus', 'Earthy', 'Lemon', 'Pine', 'Spicy']","['Citrus', 'Lemon', 'Pine', 'Sour', 'Woody']","['Body High', 'Cerebral', 'Relaxing', 'Sleepy', 'Tingly', 'Uplifting']"
0,0.006,0.013,0,0,0,0,0.022,0,0.003,0.064,0.053,0.331,0,0.164,1.274,0.148,0.074,0,0,0.54,0,17.94,0,0,0.03,0,0,0,0.61,0.05,0,"['Earthy', 'Fruity', 'Grape', 'Herbal', 'Pine', 'Spicy', 'Woody']","['Fruity', 'Grape', 'Pine', 'Spicy', 'Sweet', 'Woody']","['Body High', 'Cerebral', 'Energizing', 'Euphoria', 'Relaxing', 'Sleepy', 'Tingly', 'Uplifting']"
0,0.019,0,0,0,0,0,0,0,0,0,0.037,0.188,0,0.106,0.123,0.142,0.668,0,0,1.17,0,25.29,0,0,0.04,0,0,0.07,0.73,0.05,0,"['Citrus', 'Coffee', 'Earthy', 'Nutty']","['Citrus', 'Nutty', 'Pine', 'Sweet']","['Creative', 'Euphoria', 'Giggly', 'Happy', 'Relaxing', 'Sleepy']"
0,0.021,0.023,0,0.033,0,0,0.252,0,0,0,0.254,0.057,0,0.779,0.423,0.111,0.648,0,0,2.91,0,22.85,0,0,0.02,0,0,0,0.9,0.1,0.02,"['Citrus', 'Diesel', 'Earthy', 'Pepper', 'Pine', 'Sour']","['Citrus', 'Diesel', 'Peppery', 'Sour', 'Spicy', 'Sweet']","['Body High', 'Cerebral', 'Energizing', 'Euphoria', 'Relaxing', 'Sociable', 'Uplifting']"
0,0.007,0.015,0,0,0,0,0.016,0,0.003,0.004,0.065,0.357,0,0.131,0.579,0.113,0.066,0,0,0.3,0,0.35,0,0,12.58,2.3,0.01,0.04,0.33,0.08,0.19,"['Earthy', 'Fruity', 'Grape', 'Pine', 'Spicy', 'Sweet']","['Citrus', 'Menthol', 'Pine', 'Sweet']","['Energizing', 'Euphoria', 'Happy']"
0,0.014,0.007,0,0,0,0,0.106,0.027,0.007,0.036,0.059,0.098,0,0.195,0.431,0.114,0.535,0,0,0.53,0,25.14,0,0,0.07,0,0,0,0.68,0.14,0,"['Earthy', 'Kush', 'Pungent', 'Skunky', 'Woody']","['Herbal', 'Pine', 'Sweet', 'Woody']","['Creative', 'Euphoria', 'Happy', 'Relaxing']"
0,0,0,0,0.029,0,0,0.209,0,0.089,0.255,0.15,0.047,0,0.517,0.917,0.105,0.787,0,0,1.58,0,24.83,0,0,0,0,0,0,0.45,0.08,0,"['Diesel', 'Earthy', 'Herbal', 'Orange', 'Skunky', 'Sweet']","['Berry', 'Citrus', 'Diesel', 'Skunky', 'Sweet', 'Woody']","['Creative', 'Energizing', 'Euphoria', 'Focus', 'Happy', 'Uplifting']"
0,0.018,0.149,0,0,0.049,0,0.126,0.073,0.198,0.335,0.554,0.413,0,1.381,1.001,0.257,0.458,0,0,4.26,0,66.74,0,0,2.46,0.12,0,0.1,1.26,0.25,0.09,"['Diesel', 'Earthy', 'Fruity', 'Pineapple', 'Sour', 'Sweet']","['Fruity', 'Pineapple', 'Sweet']","['Energizing', 'Euphoria', 'Happy', 'Uplifting']"
0,0,0,0,0,0.041,0,0.041,0,0,0.034,0.043,0.328,0,0.131,1.272,0.151,0.103,0,0,0.04,0,0.66,0,0,16.35,0.2,0,0.1,0.71,0.06,0.01,"['Earthy', 'Hash', 'Mint']","['Herbal', 'Mint', 'Peppery', 'Spicy', 'Sweet']","['Cerebral', 'Energizing', 'Focus', 'Happy']"
0,0.028,0.025,0,0.024,0,0,0.154,0,0.012,0.039,0.201,0.095,0,0.663,1.185,0.16,0.91,0,0,1.06,0.01,23.23,0.01,0,0.07,0,0.01,0.06,0.69,0.1,0.02,"['Earthy', 'Fruity', 'Pungent', 'Spicy', 'Sweet']","['Citrus', 'Fruity', 'Pine', 'Spicy', 'Sweet']","['Euphoria', 'Happy', 'Relaxing', 'Sleepy']"
0,0.06,0.084,0,0,0,0,1.045,0.031,0.075,0.844,1.009,0.304,0,3.012,8.284,0.503,3.484,0,0,19.91,0,32.98,0.17,0.07,0.28,0,0,0,1.28,0.74,0.29,"['Citrus', 'Fruity', 'Nutty', 'Pineapple']","['Citrus', 'Diesel', 'Grape', 'Grapefruit', 'Herbal', 'Spicy', 'Sweet']","['Creative', 'Energizing', 'Euphoria', 'Happy', 'Relaxing']"
0,0,0,0,0,0,0,0.121,0,0,0.077,0.111,4.207,0,0.385,1.746,1.86,0.682,0,0,80.58,0,0,0.47,0.5,0,0.18,0,0,0,1.77,1.02,"['Blueberry', 'Earthy', 'Sweet']","['Berry', 'Blueberry', 'Skunky', 'Sweet']","['Creative', 'Energizing', 'Euphoria', 'Giggly', 'Happy', 'Sociable', 'Uplifting']"
0,0,0.071,0,0,0.023,0,0.144,0,0.015,0.394,0.434,0.011,0,1.364,0.025,0.017,0.074,0,0,8.19,0,72.4,0,0.08,0.32,0,0,0,1.56,0.27,0.24,"['Earthy', 'Fragrant', 'Pine', 'Sweet']","['Herbal', 'Lemon', 'Pine', 'Spicy', 'Sweet', 'Woody']","['Euphoria', 'Happy', 'Hungry', 'Relaxing', 'Sleepy']"
0,0,0,0,0,0,0,0.047,0,0,0,0.067,0.101,0,0.194,1.293,0.069,0.135,0,0,75.45,0.57,0.2,0.53,3.31,0.06,0.3,0,0,0,2.34,0.1,"['Earthy', 'Floral', 'Fruity', 'Sour', 'Sweet']","['Citrus', 'Orange', 'Pine', 'Sweet', 'Woody']","['Creative', 'Energizing', 'Euphoria', 'Happy']"
0,0.003,0.004,0,0.002,0,0,0.096,0,0,0.007,0.069,0.012,0,0.201,0.57,0.027,0.123,0,0,0.77,0,13.62,0,0,0.05,0,0,0,0.17,0.05,0,"['Earthy', 'Grape', 'Pepper', 'Sweet']","['Berry', 'Grape', 'Skunky', 'Spicy', 'Sweet']","['Euphoria', 'Happy', 'Relaxing', 'Sleepy']"
0,0.021,0.021,0,0,0.13,0,0.115,0,0.032,0.027,0.122,0.061,0,0.391,1.608,0.124,0.687,0,0,1.11,0,74.02,0.04,0,0.18,0,0,0,3.83,0.37,0.06,['Fruity'],"['Citrus', 'Fruity', 'Sweet', 'Tropical']","['Cerebral', 'Energizing', 'Happy', 'Hungry']"
0,0,0,0,0,0,0,0.053,0,0,0.125,0.253,0.023,0,0.637,0.19,0.047,0.339,0,0,1.16,0,20.52,0,0,0.03,0,0,0,0.42,0.07,0,"['Earthy', 'Pine', 'Pungent']","['Diesel', 'Hash', 'Pine', 'Sweet']","['Creative', 'Energizing', 'Euphoria', 'Focus', 'Happy']"
0,0.005,0.005,0,0.003,0,0,0.062,0,0,0.019,0.084,0.019,0,0.299,0.143,0.036,0.181,0,0,0.29,0,17.95,0,0,0.05,0,0,0,0.2,0.15,0,"['Citrus', 'Earthy', 'Herbal', 'Orange', 'Sour', 'Spicy']","['Citrus', 'Orange', 'Pine', 'Sour', 'Woody']","['Body High', 'Calming', 'Relaxing', 'Tingly', 'Uplifting']"
0,0.006,0.006,0,0.001,0,0,0.149,0,0.005,0.029,0.098,0.023,0,0.333,0.074,0.042,0.21,0,0,1.41,0,17.76,0,0.05,0.04,0,0,0,0.44,0.19,0,"['Berry', 'Cherry', 'Earthy', 'Pine', 'Sweet']","['Cherry', 'Hash', 'Sweet']","['Hungry', 'Sociable']"
0,0.01,0.009,0,0.016,0.001,0,0.144,0.001,0.017,0.029,0.09,0.043,0,0.271,0.622,0.086,0.503,0,0,0.96,0,21.66,0,0,0.05,0,0,0,0.89,0.14,0,"['Earthy', 'Harsh', 'Lemon', 'Pine', 'Sweet']","['Lemon', 'Pine', 'Skunky', 'Sweet']","['Creative', 'Euphoria', 'Focus', 'Happy', 'Relaxing']"
0,0.015,0.005,0,0.005,0.003,0,0.163,0,0.012,0,0.165,0.06,0,0.546,0.778,0.11,0.605,0,0,1.89,0,24.03,0,0,0.02,0,0,0,0.71,0.1,0,"['Earthy', 'Lemon', 'Pungent', 'Sweet']","['Berry', 'Lemon', 'Pine', 'Sweet', 'Woody']","['Body High', 'Euphoria', 'Happy', 'Sleepy']"
0,0.004,0.006,0,0.003,0.085,0,0.155,0,0.004,0.034,0.06,0.016,0,0.2,0.633,0.033,0.187,0,0,0.29,0,19.43,0,0,0.06,0,0,0,0.6,0.09,0,"['Berry', 'Kush', 'Lemon', 'Pine', 'Sweet']","['Berry', 'Fruity', 'Lemon']",['Body High']
0,0.011,0.01,0,0.008,0,0,0.116,0,0.013,0,0.124,0.037,0,0.4,0.568,0.078,0.333,0,0,0.93,0,20.43,0,0,0.01,0,0,0,0.75,0.12,0,"['Citrus', 'Earthy', 'Fruity', 'Pine', 'Pungent']","['Citrus', 'Fruity', 'Sweet']","['Hungry', 'Relaxing']"
0,0.008,0.006,0,0,0,0,0.011,0,0,0,0.114,0.026,0,0.335,0.369,0.048,0.218,0,0,1.15,0,24.01,0,0,0.04,0,0,0.02,0.55,0.14,0,"['Chocolate', 'Dank', 'Earthy', 'Herbal', 'Lemon', 'Pepper']","['Chocolate', 'Lemon', 'Mint', 'Vanilla']","['Euphoria', 'Giggly', 'Hungry', 'Sleepy', 'Sociable']"
0.039,0.006,0.004,0.007,0.007,0.1,0.007,0.039,0.031,1.025,0.123,0.065,0.086,0.03,0.22,0.377,0.145,0.269,0.019,0.002,1.42,0.01,23.18,0.12,0,0.08,0,0,0,0.84,0.15,0.04,"['Citrus', 'Earthy', 'Herbal', 'Lemon', 'Lime', 'Sour']","['Citrus', 'Lemon', 'Lime', 'Sour', 'Spicy', 'Sweet']","['Aroused', 'Cerebral', 'Happy', 'Relaxing', 'Tingly', 'Uplifting']"
0.029,0,0,0,0,0,0.007,0.011,0.155,0.782,0,0,0.058,0.012,0,0.139,0.069,0.113,0.01,0.002,1.01,0.01,20.87,0,0,0.07,0,0,0,2.02,0.13,0.01,"['Citrus', 'Earthy', 'Herbal', 'Sour', 'Sweet', 'Tropical']","['Citrus', 'Flowery', 'Herbal', 'Pineapple', 'Sour']","['Body High', 'Relaxing', 'Sleepy', 'Tingly']"
0,0.004,0.01,0,0.001,0,0,0.029,0.001,0.003,0.025,0.114,0.013,0,0.303,0.792,0.03,0.173,0,0,0.63,0,17.65,0,0,0.08,0,0,0,1.13,0.04,0,"['Berry', 'Chocolate', 'Coffee', 'Fruity', 'Sweet']","['Chocolate', 'Coffee', 'Herbal', 'Spicy']","['Euphoria', 'Happy', 'Relaxing', 'Sleepy', 'Uplifting']"
0,0.012,0.013,0,0.002,0.127,0,0.012,0.001,0.011,0.118,0.145,0.05,0,0.446,0.182,0.083,0.567,0.002,0,0.46,0,17.75,0.03,0,0.06,0,0,0,0.37,0.09,0,"['Earthy', 'Kush', 'Pungent', 'Spicy', 'Sweet']","['Coffee', 'Herbal', 'Sweet', 'Woody']","['Body High', 'Cerebral', 'Energizing', 'Euphoria', 'Happy', 'Hungry', 'Relaxing']"
0,0.002,0.009,0.002,0,0,0,0.082,0.07,0,0.039,0.084,0.173,0,0.314,0.525,0.046,0.025,0,0,0.35,0,22.95,0,0,0.02,0,0,0,0.35,0.16,0,"['Earthy', 'Fruity', 'Grape', 'Skunky', 'Sweet']","['Berry', 'Fruity', 'Grape', 'Skunky', 'Sweet']","['Creative', 'Euphoria', 'Happy']"
0,0.006,0.007,0,0.004,0,0,0.063,0,0.002,0.103,0.054,0.024,0,0.185,0.069,0.041,0.205,0,0,1.73,0,12.99,0,0.01,0.03,0,0,0,0.22,0.03,0.02,"['Earthy', 'Herbal', 'Pungent', 'Skunky', 'Sweet']","['Coffee', 'Herbal', 'Sweet', 'Woody']","['Euphoria', 'Happy', 'Hungry', 'Relaxing', 'Sleepy']"
0,0.005,0.013,0.002,0.008,0,0,0.278,0,0.002,0.053,0.197,0.018,0,0.453,0.262,0.036,0.241,0,0,0.41,0,20.72,0,0,0.04,0,0,0,0.6,0.09,,"['Cheese', 'Creamy', 'Earthy', 'Nutty', 'Pungent']","['Cheesy', 'Creamy', 'Nutty', 'Sweet']","['Body High', 'Hungry', 'Relaxing', 'Sleepy', 'Uplifting']"
0,0.026,0,0,0,0,0,0.228,0,0,0,0.207,0.082,0,0.692,1.33,0.163,1.081,0,0,1.86,0,27.26,0,0,0.05,0,0,0,0.86,0.11,0,"['Earthy', 'Pepper', 'Pungent', 'Skunky']","['Citrus', 'Hash', 'Pine', 'Skunky', 'Sweet']","['Body High', 'Euphoria', 'Giggly', 'Relaxing', 'Uplifting']"
0,0.003,0.003,0,0.001,0.039,0,0.015,0.003,0.008,0.027,0.038,0.081,0,0.095,0.7,0.046,0.079,0.001,0,0.39,0,6.74,0,0,11.48,0.17,0,0.06,0.48,0.15,0.02,"['Blueberry', 'Dank', 'Earthy', 'Sour', 'Sweet']","['Berry', 'Fruity', 'Pine', 'Sweet', 'Woody']","['Euphoria', 'Happy', 'Hungry', 'Sleepy']"
0.019,0.004,0.031,0.018,0.001,0.005,0.004,0.04,0.004,0.367,0.133,0.177,0.049,0.01,0.467,0.154,0.075,0.155,0.008,0.002,0.43,0,14.72,0,0,0.04,0,0,0,0.48,0.02,0,"['Citrus', 'Earthy', 'Lemon', 'Spicy']","['Citrus', 'Lemon', 'Sour', 'Sweet']","['Cerebral', 'Energizing', 'Euphoria', 'Happy', 'Uplifting']"
0,0.002,0.004,0,0,0.034,0,0.054,0.05,0,0.052,0.038,0.011,0,0.142,1.097,0.029,0.078,0,0,0.84,0,23.06,0,0,0.08,0,0,0,0.24,0.12,0,"['Citrus', 'Lemon', 'Sweet']","['Berry', 'Citrus', 'Lemon', 'Spicy', 'Strawberry', 'Sweet']","['Energizing', 'Euphoria', 'Relaxing', 'Uplifting']"
0,0.005,0.033,0.001,0.006,0.003,0,0.148,0.003,0.005,0.09,0.482,0.019,0,1.129,0.217,0.035,0.234,0,0,0.83,0.03,20.46,0.02,0,0.06,0,0,0,0.54,0.11,0.05,"['Fruity', 'Nutty', 'Sweet']","['Creamy', 'Fruity']","['Happy', 'Relaxing']"
0,0,0,0,0,0,0,0,0,0,0,0.086,0,0,0.082,0,0,0.102,0,0,71.6,0.66,0,1.02,3.43,0.03,0.36,0,0,0,3.61,0,"['Citrus', 'Orange', 'Sour', 'Sweet']","['Citrus', 'Orange', 'Sweet', 'Tropical']","['Creative', 'Energizing', 'Euphoria', 'Focus', 'Happy', 'Uplifting']"
0.049,0.01,0.178,0.007,0,0,0,0.063,0.202,0.916,0.14,0.383,0.127,0.031,1.252,0.223,0.164,0.244,0.029,0.013,13,0,63.63,0.12,0.13,0.15,0,0,0,4.88,0.6,0.08,"['Citrus', 'Earthy', 'Lemon', 'Pungent']","['Citrus', 'Dank', 'Herbal']","['Body High', 'Cerebral', 'Euphoria', 'Sleepy', 'Uplifting']"
0,0.006,0.001,0,0,0,0,0.015,0.043,0,0.011,0.051,0.097,0,0.195,0.162,0.081,0.326,0,0,0.67,0.02,23.06,0.01,0.02,0.07,0,0,0,0.3,0.08,0,"['Lemon', 'Nutty', 'Pungent', 'Spicy', 'Sweet']","['Fruity', 'Herbal', 'Skunky', 'Sweet']","['Body High', 'Euphoria', 'Relaxing', 'Sleepy', 'Uplifting']"
0,0.05,0.056,0,0,0,0,0.056,0.227,0.042,0.184,0.635,0.323,0,2.212,0.694,0.392,1.743,0,0,0.89,0,72.9,0,0,0.22,0,0,0,2.03,0.68,0,"['Berry', 'Earthy', 'Herbal', 'Sweet', 'Woody']","['Fruity', 'Spicy', 'Strawberry', 'Sweet', 'Woody']","['Energizing', 'Happy', 'Relaxing', 'Sociable', 'Uplifting']"
